SET DEFINE OFF;
SET SCAN OFF;

INSERT INTO DM_MEAL_CATEGORY
(
  MEAL_CATE_CODE, MEAL_CATE_NAME, MEAL_CATE_DETAIL, MEAL_CATE_PRICE, MEAL_CATE_TYPE, MEAL_CATE_ATTACH_NAME
)
VALUES
(
  'MEAL_CATE_00001', '양식', '양식', 32500, 'N', '42e15f0fdd254b2faaa693e07b58a95d.png'
);

INSERT INTO DM_MEAL_CATEGORY
(
  MEAL_CATE_CODE, MEAL_CATE_NAME, MEAL_CATE_DETAIL, MEAL_CATE_PRICE, MEAL_CATE_TYPE, MEAL_CATE_ATTACH_NAME
)
VALUES
(
  'MEAL_CATE_00002', '한식', '한식', 32500, 'N', '97f5c36f8d7740d3b98362f71f2ad49c.jpg'
);

INSERT INTO DM_MEAL_CATEGORY
(
  MEAL_CATE_CODE, MEAL_CATE_NAME, MEAL_CATE_DETAIL, MEAL_CATE_PRICE, MEAL_CATE_TYPE, MEAL_CATE_ATTACH_NAME
)
VALUES
(
  'MEAL_CATE_00003', '프리미엄식', '프리미엄식', 65000, 'P', 'e2e3cf4461534491bfe3006ac07dc3cb.jpg'
);

INSERT INTO DM_MEAL_CATEGORY
(
  MEAL_CATE_CODE, MEAL_CATE_NAME, MEAL_CATE_DETAIL, MEAL_CATE_PRICE, MEAL_CATE_TYPE, MEAL_CATE_ATTACH_NAME
)
VALUES
(
  'MEAL_CATE_00004', '건강식', '건강식', 32500, 'H', '50a600d2d77d4b11bf7cf5e2dfd31da7.jpg'
);

INSERT
  INTO DM_MEAL
(
  MEAL_CODE, MEAL_NAME, MEAL_DETAIL, MEAL_CALINFO, MEAL_CATE_CODE, MEAL_ATTACH_NAME
)
VALUES
(
  'MEAL_00001', '해물 로제 파스타 세트', '해물 로제 파스타, 크림스프, 올리브 포케 샐러드', 0, 'MEAL_CATE_00001', 'b3811ef5125a46a498a4a37b9b83410d.jpg'
);

INSERT
  INTO DM_MEAL
(
  MEAL_CODE, MEAL_NAME, MEAL_DETAIL, MEAL_CALINFO, MEAL_CATE_CODE, MEAL_ATTACH_NAME
)
VALUES
(
  'MEAL_00002', '토마토비프감자뇨끼 세트', '토마토 비프 감자뇨끼, 단호박 스프, 연어야채롤', 0, 'MEAL_CATE_00001', 'c0b9d0d60abf4c568546519cc1b723a7.jpg'
);

INSERT
  INTO DM_MEAL
(
  MEAL_CODE, MEAL_NAME, MEAL_DETAIL, MEAL_CALINFO, MEAL_CATE_CODE, MEAL_ATTACH_NAME
)
VALUES
(
  'MEAL_00003', '연어스테이크 세트', '연어 스테이크, 양송이 스프, 푸실리 샐러드', 0, 'MEAL_CATE_00001', 'c32462eaf0eb4753b8ea5ee51d6be4be.jpg'
);

INSERT
  INTO DM_MEAL
(
  MEAL_CODE, MEAL_NAME, MEAL_DETAIL, MEAL_CALINFO, MEAL_CATE_CODE, MEAL_ATTACH_NAME
)
VALUES
(
  'MEAL_00004', '새우크림리조또 세트', '새우 크림 리조또, 야채스프, 토마토 스프레드', 0, 'MEAL_CATE_00001', '10dade9b13f34669b3f9803409513f05.jpg'
);

INSERT
  INTO DM_MEAL
(
  MEAL_CODE, MEAL_NAME, MEAL_DETAIL, MEAL_CALINFO, MEAL_CATE_CODE, MEAL_ATTACH_NAME
)
VALUES
(
  'MEAL_00005', '봉골레파스타 세트', '봉골레 파스타, 토마토 비프스프, 연어샐러드', 0, 'MEAL_CATE_00001', '9247d92061684a6eb5a36f1273d97b14.jpg'
);

INSERT
  INTO DM_MEAL
(
  MEAL_CODE, MEAL_NAME, MEAL_DETAIL, MEAL_CALINFO, MEAL_CATE_CODE, MEAL_ATTACH_NAME
)
VALUES
(
  'MEAL_00006', '페퍼로니피자 세트', '페퍼로니 피자 2조각, 크림스프, 토마토 스프레드', 0, 'MEAL_CATE_00001', '46d4410682174b948c570bb4bad339a4.jpg'
);

INSERT
  INTO DM_MEAL
(
  MEAL_CODE, MEAL_NAME, MEAL_DETAIL, MEAL_CALINFO, MEAL_CATE_CODE, MEAL_ATTACH_NAME
)
VALUES
(
  'MEAL_00007', '토마토라자냐 세트', '토마토 라쟈냐, 단호박 스프, 참치 포케 샐러드', 0, 'MEAL_CATE_00001', '6f1242d9a46b49f9a838a736111d1eec.jpg'
);

INSERT
  INTO DM_MEAL
(
  MEAL_CODE, MEAL_NAME, MEAL_DETAIL, MEAL_CALINFO, MEAL_CATE_CODE, MEAL_ATTACH_NAME
)
VALUES
(
  'MEAL_00008', '치킨스테이크 세트', '치킨 스테이크, 양송이 스프, 연어야채롤', 0, 'MEAL_CATE_00001', 'fd7d86f3e72e48dc8d4389550ea74544.jpg'
);

INSERT
  INTO DM_MEAL
(
  MEAL_CODE, MEAL_NAME, MEAL_DETAIL, MEAL_CALINFO, MEAL_CATE_CODE, MEAL_ATTACH_NAME
)
VALUES
(
  'MEAL_00009', '명란크림파스타 세트', '명란 크림 파스타, 토마토 비프스프, 푸실리 샐러드', 0, 'MEAL_CATE_00001', '3b8cf226e8ae4773a08a26fc1443edc8.jpg'
);

INSERT
  INTO DM_MEAL
(
  MEAL_CODE, MEAL_NAME, MEAL_DETAIL, MEAL_CALINFO, MEAL_CATE_CODE, MEAL_ATTACH_NAME
)
VALUES
(
  'MEAL_00010', '토마토파스타 세트', '토마토 파스타, 야채스프, 연어샐러드', 0, 'MEAL_CATE_00001', 'f96edcebd4d1485e9f6d17d7b87fc921.jpg'
);

INSERT
  INTO DM_MEAL
(
  MEAL_CODE, MEAL_NAME, MEAL_DETAIL, MEAL_CALINFO, MEAL_CATE_CODE, MEAL_ATTACH_NAME
)
VALUES
(
  'MEAL_00011', '토마토비프리조또 세트', '토마토 비프 리조또, 크림스프, 웨지감자', 0, 'MEAL_CATE_00001', 'f5181375c4ea43fd9022abc87a433a58.jpg'
);

INSERT
  INTO DM_MEAL
(
  MEAL_CODE, MEAL_NAME, MEAL_DETAIL, MEAL_CALINFO, MEAL_CATE_CODE, MEAL_ATTACH_NAME
)
VALUES
(
  'MEAL_00012', '쭈꾸미오일파스타 세트', '쭈꾸미 오일 파스타, 단호박 스프, 푸실리샐러드', 0, 'MEAL_CATE_00001', '343e7d3f31854e41a8601171472cb2c2.jpg'
);

INSERT
  INTO DM_MEAL
(
  MEAL_CODE, MEAL_NAME, MEAL_DETAIL, MEAL_CALINFO, MEAL_CATE_CODE, MEAL_ATTACH_NAME
)
VALUES
(
  'MEAL_00013', '마르게리따피자 세트', '마르게리따 피자 2조각, 양송이 스프, 연어샐러드', 0, 'MEAL_CATE_00001', '8ed62f7b75df422bb49f80ac4ddaaa6d.jpg'
);

INSERT
  INTO DM_MEAL
(
  MEAL_CODE, MEAL_NAME, MEAL_DETAIL, MEAL_CALINFO, MEAL_CATE_CODE, MEAL_ATTACH_NAME
)
VALUES
(
  'MEAL_00014', '돼지등심그라탕 세트', '돼지 등심 그라탕, 야채스프, 포케샐러드(야채)', 0, 'MEAL_CATE_00001', '3aa83a47d9a340d4a99cf24f267ea50c.jpg'
);

INSERT
  INTO DM_MEAL
(
  MEAL_CODE, MEAL_NAME, MEAL_DETAIL, MEAL_CALINFO, MEAL_CATE_CODE, MEAL_ATTACH_NAME
)
VALUES
(
  'MEAL_00015', '냉오일파스타 세트', '냉오일 파스타, 토마토 비프스프, 토마토 치즈 가지롤', 0, 'MEAL_CATE_00001', '6b0c68acd35e44d6af2062ee0a360bb3.jpg'
);

INSERT
  INTO DM_MEAL
(
  MEAL_CODE, MEAL_NAME, MEAL_DETAIL, MEAL_CALINFO, MEAL_CATE_CODE, MEAL_ATTACH_NAME
)
VALUES
(
  'MEAL_00016', '알리오올리오 세트', '알리오 올리오, 양송이 스프, 연어샐러드', 0, 'MEAL_CATE_00001', '27c990ddeda04bd4b05cd6d96077bdf1.jpg'
);

INSERT
  INTO DM_MEAL
(
  MEAL_CODE, MEAL_NAME, MEAL_DETAIL, MEAL_CALINFO, MEAL_CATE_CODE, MEAL_ATTACH_NAME
)
VALUES
(
  'MEAL_00017', '해물오일리조또 세트', '해물 오일 리조또, 크림스프, 연어야채롤', 0, 'MEAL_CATE_00001', '474c6512d07b451686ca18b45a8b42ed.jpg'
);

INSERT
  INTO DM_MEAL
(
  MEAL_CODE, MEAL_NAME, MEAL_DETAIL, MEAL_CALINFO, MEAL_CATE_CODE, MEAL_ATTACH_NAME
)
VALUES
(
  'MEAL_00018', '크림라자냐 세트', '크림 라자냐, 단호박 스프, 토마토 스프레드', 0, 'MEAL_CATE_00001', 'a900c1c7a8364eb2a3766bcc45e9cec2.jpg'
);

INSERT
  INTO DM_MEAL
(
  MEAL_CODE, MEAL_NAME, MEAL_DETAIL, MEAL_CALINFO, MEAL_CATE_CODE, MEAL_ATTACH_NAME
)
VALUES
(
  'MEAL_00019', '로제감자뇨끼 세트', '로제 감자뇨끼, 토마토 비프스프, 푸실리 샐러드', 0, 'MEAL_CATE_00001', '0a5b1229d52146c185c7dcbe53a21315.jpg'
);

INSERT
  INTO DM_MEAL
(
  MEAL_CODE, MEAL_NAME, MEAL_DETAIL, MEAL_CALINFO, MEAL_CATE_CODE, MEAL_ATTACH_NAME
)
VALUES
(
  'MEAL_00020', '돼지목살스테이크 세트', '돼지 목살 스테이크, 야채스프, 웨지감자', 0, 'MEAL_CATE_00001', '5616f8ac5e2642dc9a591e59bc47d62f.jpg'
);

INSERT
  INTO DM_MEAL
(
  MEAL_CODE, MEAL_NAME, MEAL_DETAIL, MEAL_CALINFO, MEAL_CATE_CODE, MEAL_ATTACH_NAME
)
VALUES
(
  'MEAL_00021', '참치김밥 식단', '참치김밥 식단', 0, 'MEAL_CATE_00002', '01f10f1b5b7549b39432ffe624e56113.jpg'
);

INSERT
  INTO DM_MEAL
(
  MEAL_CODE, MEAL_NAME, MEAL_DETAIL, MEAL_CALINFO, MEAL_CATE_CODE, MEAL_ATTACH_NAME
)
VALUES
(
  'MEAL_00022', '돈까스김밥 식단', '돈까스김밥 식단', 0, 'MEAL_CATE_00002', '35597c699de44dfcb16eabd04d22442b.jpg'
);

INSERT
  INTO DM_MEAL
(
  MEAL_CODE, MEAL_NAME, MEAL_DETAIL, MEAL_CALINFO, MEAL_CATE_CODE, MEAL_ATTACH_NAME
)
VALUES
(
  'MEAL_00023', '멸치김밥 식단', '멸치김밥 식단', 0, 'MEAL_CATE_00002', '47cbe58bedd445de8a965626555d94ff.jpg'
);

INSERT
  INTO DM_MEAL
(
  MEAL_CODE, MEAL_NAME, MEAL_DETAIL, MEAL_CALINFO, MEAL_CATE_CODE, MEAL_ATTACH_NAME
)
VALUES
(
  'MEAL_00024', '소불고기 식단1', '소불고기 식단1', 0, 'MEAL_CATE_00002', 'cbf528f0e38d4a01806887bba43baf93.jpg'
);

INSERT
  INTO DM_MEAL
(
  MEAL_CODE, MEAL_NAME, MEAL_DETAIL, MEAL_CALINFO, MEAL_CATE_CODE, MEAL_ATTACH_NAME
)
VALUES
(
  'MEAL_00025', '소불고기 식단2', '소불고기 식단2', 0, 'MEAL_CATE_00002', 'e2e3ac84a60e4cbc970b1ac36bf8e9d4.jpg'
);

INSERT
  INTO DM_MEAL
(
  MEAL_CODE, MEAL_NAME, MEAL_DETAIL, MEAL_CALINFO, MEAL_CATE_CODE, MEAL_ATTACH_NAME
)
VALUES
(
  'MEAL_00026', '계란찜 식단1', '계란찜 식단1', 0, 'MEAL_CATE_00002', '62fb58e591d94c728839a61e0d7496d8.jpg'
);

INSERT
  INTO DM_MEAL
(
  MEAL_CODE, MEAL_NAME, MEAL_DETAIL, MEAL_CALINFO, MEAL_CATE_CODE, MEAL_ATTACH_NAME
)
VALUES
(
  'MEAL_00027', '게란찜 식단2', '계란찜 식단2', 0, 'MEAL_CATE_00002', '347cd82c5c884a6caddaffaa9a62db3d.jpg'
);

INSERT
  INTO DM_MEAL
(
  MEAL_CODE, MEAL_NAME, MEAL_DETAIL, MEAL_CALINFO, MEAL_CATE_CODE, MEAL_ATTACH_NAME
)
VALUES
(
  'MEAL_00028', '찜닭식단1', '찜닭 식단1', 0, 'MEAL_CATE_00002', 'c162e106355e4cf2a65c2ac820dbe3d4.jpg'
);

INSERT
  INTO DM_MEAL
(
  MEAL_CODE, MEAL_NAME, MEAL_DETAIL, MEAL_CALINFO, MEAL_CATE_CODE, MEAL_ATTACH_NAME
)
VALUES
(
  'MEAL_00029', '찜닭식단2', '찜닭 식단2', 0, 'MEAL_CATE_00002', 'a2069b75c8e249d385328bf1ddbaffae.jpg'
);

INSERT
  INTO DM_MEAL
(
  MEAL_CODE, MEAL_NAME, MEAL_DETAIL, MEAL_CALINFO, MEAL_CATE_CODE, MEAL_ATTACH_NAME
)
VALUES
(
  'MEAL_00030', '두부부침 식단1', '두부부침 식단1', 0, 'MEAL_CATE_00002', '4c5ffed0d8e04e5390e61cee3069594c.jpg'
);

INSERT
  INTO DM_MEAL
(
  MEAL_CODE, MEAL_NAME, MEAL_DETAIL, MEAL_CALINFO, MEAL_CATE_CODE, MEAL_ATTACH_NAME
)
VALUES
(
  'MEAL_00031', '두부부침 식단2', '두부부침 식단2', 0, 'MEAL_CATE_00002', '0ec7467a36a240fe9a4eb8b033358752.jpg'
);

INSERT
  INTO DM_MEAL
(
  MEAL_CODE, MEAL_NAME, MEAL_DETAIL, MEAL_CALINFO, MEAL_CATE_CODE, MEAL_ATTACH_NAME
)
VALUES
(
  'MEAL_00032', '돼지 불고기 식단1', '돼지 불고기 식단1', 0, 'MEAL_CATE_00002', '136c2c31099f4171aa6fb3d6e719c2c8.jpg'
);

INSERT
  INTO DM_MEAL
(
  MEAL_CODE, MEAL_NAME, MEAL_DETAIL, MEAL_CALINFO, MEAL_CATE_CODE, MEAL_ATTACH_NAME
)
VALUES
(
  'MEAL_00033', '돼지 불고기 식단2', '돼지 불고기 식단2', 0, 'MEAL_CATE_00002', '984b8ff72e134abfb96c83cc748b04d8.jpg'
);

INSERT
  INTO DM_MEAL
(
  MEAL_CODE, MEAL_NAME, MEAL_DETAIL, MEAL_CALINFO, MEAL_CATE_CODE, MEAL_ATTACH_NAME
)
VALUES
(
  'MEAL_00034', '소불고기 식단3', '소불고기 식단3', 0, 'MEAL_CATE_00002', '185599703b5c416b841e550dbe636361.jpg'
);

INSERT
  INTO DM_MEAL
(
  MEAL_CODE, MEAL_NAME, MEAL_DETAIL, MEAL_CALINFO, MEAL_CATE_CODE, MEAL_ATTACH_NAME
)
VALUES
(
  'MEAL_00035', '소불고기 식단4', '소불고기 식단4', 0, 'MEAL_CATE_00002', '5f283b904551461d8e56ca6569281ea5.jpg'
);

INSERT
  INTO DM_MEAL
(
  MEAL_CODE, MEAL_NAME, MEAL_DETAIL, MEAL_CALINFO, MEAL_CATE_CODE, MEAL_ATTACH_NAME
)
VALUES
(
  'MEAL_00036', '계란찜 식단3', '계란찜 식단3', 0, 'MEAL_CATE_00002', '20b7bb56615e49aab2805f9743de7650.jpg'
);

INSERT
  INTO DM_MEAL
(
  MEAL_CODE, MEAL_NAME, MEAL_DETAIL, MEAL_CALINFO, MEAL_CATE_CODE, MEAL_ATTACH_NAME
)
VALUES
(
  'MEAL_00037', '찜닭 식단3', '찜닭 식단3', 0, 'MEAL_CATE_00002', 'ac9d29507c2441069cda5f16e19f771b.jpg'
);

INSERT
  INTO DM_MEAL
(
  MEAL_CODE, MEAL_NAME, MEAL_DETAIL, MEAL_CALINFO, MEAL_CATE_CODE, MEAL_ATTACH_NAME
)
VALUES
(
  'MEAL_00038', '두부부침 식단3', '두부침 식단3', 0, 'MEAL_CATE_00002', '1d176dec54f9420ba38dec3b062545af.jpg'
);

INSERT
  INTO DM_MEAL
(
  MEAL_CODE, MEAL_NAME, MEAL_DETAIL, MEAL_CALINFO, MEAL_CATE_CODE, MEAL_ATTACH_NAME
)
VALUES
(
  'MEAL_00039', '돼지 불고기 식단3', '돼지 불고기 식단3', 0, 'MEAL_CATE_00002', '221d8205cf804225848e26cb946b9d37.jpg'
);

INSERT
  INTO DM_MEAL
(
  MEAL_CODE, MEAL_NAME, MEAL_DETAIL, MEAL_CALINFO, MEAL_CATE_CODE, MEAL_ATTACH_NAME
)
VALUES
(
  'MEAL_00040', '돼지 불고기 식단4', '돼지 불고기 식단4', 0, 'MEAL_CATE_00002', 'ad9515c2312840b7b368eb2b03d00d9d.jpg'
);

INSERT
  INTO DM_MEAL
(
  MEAL_CODE, MEAL_NAME, MEAL_DETAIL, MEAL_CALINFO, MEAL_CATE_CODE, MEAL_ATTACH_NAME
)
VALUES
(
  'MEAL_00041', '영국식 프렌치토스트', '부드러운 프렌치 토스트와 영국을 대표하는 스크램블의 만남! 싱그러운 샐러드까지 만나보세요!', 0, 'MEAL_CATE_00003', '347ea1d6586147e0b6f98331805d0b05.png'
);

INSERT
  INTO DM_MEAL
(
  MEAL_CODE, MEAL_NAME, MEAL_DETAIL, MEAL_CALINFO, MEAL_CATE_CODE, MEAL_ATTACH_NAME
)
VALUES
(
  'MEAL_00042', '고구마무스닭갈비', '평소 먹던 닭갈비가 아니다! 고구마무스와 함께 즐기는 닭갈비!', 0, 'MEAL_CATE_00003', '6d0a42e0cb5d47c78c5e1b658057082e.png'
);

INSERT
  INTO DM_MEAL
(
  MEAL_CODE, MEAL_NAME, MEAL_DETAIL, MEAL_CALINFO, MEAL_CATE_CODE, MEAL_ATTACH_NAME
)
VALUES
(
  'MEAL_00043', '영덕꽃게된장찌게', '그냥 꽃게가 아니다! 영덕 꽃게와 해파리 냉채의 만남!', 0, 'MEAL_CATE_00003', '2efd0207566d46bebdc9f2ae3d8c9161.png'
);

INSERT
  INTO DM_MEAL
(
  MEAL_CODE, MEAL_NAME, MEAL_DETAIL, MEAL_CALINFO, MEAL_CATE_CODE, MEAL_ATTACH_NAME
)
VALUES
(
  'MEAL_00044', '유니자장덮밥&계란후라이', '평소의 짜장은 잊으세요~ 맛있는 유니자장덮밥에 게살듬뿍 스프까지~', 0, 'MEAL_CATE_00003', '3472350e7c7447cd90b72bdd81d4ce98.png'
);

INSERT
  INTO DM_MEAL
(
  MEAL_CODE, MEAL_NAME, MEAL_DETAIL, MEAL_CALINFO, MEAL_CATE_CODE, MEAL_ATTACH_NAME
)
VALUES
(
  'MEAL_00045', '베지미트볼토마토파스타', '맛있는 라따뚜이와 함께 즐기는 베지 미트볼토마토 파스타!', 0, 'MEAL_CATE_00003', '171dcb1c2337460cbfa46d0f5df1e69d.png'
);

INSERT
  INTO DM_MEAL
(
  MEAL_CODE, MEAL_NAME, MEAL_DETAIL, MEAL_CALINFO, MEAL_CATE_CODE, MEAL_ATTACH_NAME
)
VALUES
(
  'MEAL_00046', '강황밥&레드커리', '건강함을 더한 강황과 키위라씨와 함께 즐기는 인도식 커리세트!', 0, 'MEAL_CATE_00003', '026afc430a4a48f7b6db9d23bb0f05ae.png'
);

INSERT
  INTO DM_MEAL
(
  MEAL_CODE, MEAL_NAME, MEAL_DETAIL, MEAL_CALINFO, MEAL_CATE_CODE, MEAL_ATTACH_NAME
)
VALUES
(
  'MEAL_00047', '베트남식 분짜', '베트남을 느낄 수 있습니다! 파인애플 볶음밥과 함께 즐겨보아요!', 0, 'MEAL_CATE_00003', 'bd64e935efd04fbcad97c93846529bb3.png'
);

INSERT
  INTO DM_MEAL
(
  MEAL_CODE, MEAL_NAME, MEAL_DETAIL, MEAL_CALINFO, MEAL_CATE_CODE, MEAL_ATTACH_NAME
)
VALUES
(
  'MEAL_00048', '하와이안로코모코', '코코넛새우튀김과 함께 즐기는 하와이안 로코모코!', 0, 'MEAL_CATE_00003', '9c81c4ba95aa4b359f8774f1182a27d6.png'
);

INSERT
  INTO DM_MEAL
(
  MEAL_CODE, MEAL_NAME, MEAL_DETAIL, MEAL_CALINFO, MEAL_CATE_CODE, MEAL_ATTACH_NAME
)
VALUES
(
  'MEAL_00049', '참치회덮밥', '싱싱한 참치와 시원~한 냉모밀까지!', 0, 'MEAL_CATE_00003', '371fa9e8ed3b478ca9b70bb8c29777ee.png'
);

INSERT
  INTO DM_MEAL
(
  MEAL_CODE, MEAL_NAME, MEAL_DETAIL, MEAL_CALINFO, MEAL_CATE_CODE, MEAL_ATTACH_NAME
)
VALUES
(
  'MEAL_00050', '해초라이스', '혈액순환을 돕는 해초들로 구성된 맛있는 한끼', 0, 'MEAL_CATE_00003', '96d5dca6d12543f1a5f075caa89b6cbc.png'
);

INSERT
  INTO DM_MEAL
(
  MEAL_CODE, MEAL_NAME, MEAL_DETAIL, MEAL_CALINFO, MEAL_CATE_CODE, MEAL_ATTACH_NAME
)
VALUES
(
  'MEAL_00051', '훈제오리귀리라이스', '기름끼를 쫙 빼낸 맛있는 훈제오리와 곤약현미밥이 더해져 더욱 건강한 한끼!', 0, 'MEAL_CATE_00003', '25179ac53c5c47dfbad7d706f8970cff.png'
);

INSERT
  INTO DM_MEAL
(
  MEAL_CODE, MEAL_NAME, MEAL_DETAIL, MEAL_CALINFO, MEAL_CATE_CODE, MEAL_ATTACH_NAME
)
VALUES
(
  'MEAL_00052', '참치아보카도계란비빔밥', '탄단지가 골고루 들어있어요! 핫한 아보카도와 고소한 참치! 상큼한 토마토가 만났다!', 0, 'MEAL_CATE_00003', '717225ebd2af43bd8d8045d3f44fca1d.png'
);

INSERT
  INTO DM_MEAL
(
  MEAL_CODE, MEAL_NAME, MEAL_DETAIL, MEAL_CALINFO, MEAL_CATE_CODE, MEAL_ATTACH_NAME
)
VALUES
(
  'MEAL_00053', '에그베이컨치아바타세트', '여기는 마치 뉴욕의 아침! 알찬 에그샐러드가 들어가 베이컨과 만난 치아바타를 즐겨보아요!', 0, 'MEAL_CATE_00003', 'fee5b70efd6f467691829a7546f726ac.png'
);

INSERT
  INTO DM_MEAL
(
  MEAL_CODE, MEAL_NAME, MEAL_DETAIL, MEAL_CALINFO, MEAL_CATE_CODE, MEAL_ATTACH_NAME
)
VALUES
(
  'MEAL_00054', '에그반쎄오', '반쎄오와 계란의 만남! 너무 맛있겠죠??', 0, 'MEAL_CATE_00003', '5bc3dc7cf1d24977a38727ae6bdec61d.png'
);

INSERT
  INTO DM_MEAL
(
  MEAL_CODE, MEAL_NAME, MEAL_DETAIL, MEAL_CALINFO, MEAL_CATE_CODE, MEAL_ATTACH_NAME
)
VALUES
(
  'MEAL_00055', '함박스테이크&로제펜네소스', '요즘 너무 유행이라는 로제소스를 듬뿍담은 스테이크! 퓨전으로 김치 볶음밥까지~', 0, 'MEAL_CATE_00003', '8bedfb0724034802ac840361b85c3624.png'
);

INSERT
  INTO DM_MEAL
(
  MEAL_CODE, MEAL_NAME, MEAL_DETAIL, MEAL_CALINFO, MEAL_CATE_CODE, MEAL_ATTACH_NAME
)
VALUES
(
  'MEAL_00056', '한돈목살김치찌개', '건강한 한돈으로 아침을 시작하세요! 맛있는 너비아니까지!', 0, 'MEAL_CATE_00003', 'd478aa90bdc84e0dafb2a26b2f2b799a.png'
);

INSERT
  INTO DM_MEAL
(
  MEAL_CODE, MEAL_NAME, MEAL_DETAIL, MEAL_CALINFO, MEAL_CATE_CODE, MEAL_ATTACH_NAME
)
VALUES
(
  'MEAL_00057', '돼지고기 두반장 볶음', '맛있는 두반장에 건강한 한돈으로! 조랭이 떡국까지!', 0, 'MEAL_CATE_00003', '98234708e8b543189058707e83ae5037.png'
);

INSERT
  INTO DM_MEAL
(
  MEAL_CODE, MEAL_NAME, MEAL_DETAIL, MEAL_CALINFO, MEAL_CATE_CODE, MEAL_ATTACH_NAME
)
VALUES
(
  'MEAL_00058', '그릴치킨보리밥', '건강하게 구워낸 닭가슴살에 보리밥을 더해 건강한 아침을 즐겨보세요!', 0, 'MEAL_CATE_00003', 'ba545862a97945ddb21c432983af5cd0.png'
);

INSERT
  INTO DM_MEAL
(
  MEAL_CODE, MEAL_NAME, MEAL_DETAIL, MEAL_CALINFO, MEAL_CATE_CODE, MEAL_ATTACH_NAME
)
VALUES
(
  'MEAL_00059', '제육생채소비빔밥', '한돈 제육과 푸릇푸릇한 생채소까지!', 0, 'MEAL_CATE_00003', 'cd2bc357386e469e87bc76bbc30c0fc2.png'
);

INSERT
  INTO DM_MEAL
(
  MEAL_CODE, MEAL_NAME, MEAL_DETAIL, MEAL_CALINFO, MEAL_CATE_CODE, MEAL_ATTACH_NAME
)
VALUES
(
  'MEAL_00060', '쇠고기만두전골', '맛있는 쇠고기만두와 진한 사골의 만남!', 0, 'MEAL_CATE_00003', 'b6064687e1394707b29dca2c89129c8a.png'
);

INSERT
  INTO DM_MEAL
(
  MEAL_CODE, MEAL_NAME, MEAL_DETAIL, MEAL_CALINFO, MEAL_CATE_CODE, MEAL_ATTACH_NAME
)
VALUES
(
  'MEAL_00061', '브로콜리스프세트', '브로콜리스프&크루통,키위주스 / 브로콜리스프와 크루통의 만남', 0, 'MEAL_CATE_00004', '8b1d83e3edc7487cb6a13e3c66ced039.jpg'
);

INSERT
  INTO DM_MEAL
(
  MEAL_CODE, MEAL_NAME, MEAL_DETAIL, MEAL_CALINFO, MEAL_CATE_CODE, MEAL_ATTACH_NAME
)
VALUES
(
  'MEAL_00062', '훈제연어샐러드세트', '바게트빵,훈제연어샐러드,케이퍼 / 신선한 훈제연어가 들어간 건강식', 0, 'MEAL_CATE_00004', '0420680a12c74407900705952f9627ef.jpg'
);

INSERT
  INTO DM_MEAL
(
  MEAL_CODE, MEAL_NAME, MEAL_DETAIL, MEAL_CALINFO, MEAL_CATE_CODE, MEAL_ATTACH_NAME
)
VALUES
(
  'MEAL_00063', '삼계죽세트', '삼계죽,오이소박이,사과즙 / 건강에 최고인 삼계죽과 새콤달콤한 사과즙', 0, 'MEAL_CATE_00004', '389a0e257e0148adb3e3ccad96fb4b84.jpg'
);

INSERT
  INTO DM_MEAL
(
  MEAL_CODE, MEAL_NAME, MEAL_DETAIL, MEAL_CALINFO, MEAL_CATE_CODE, MEAL_ATTACH_NAME
)
VALUES
(
  'MEAL_00064', '토마토호밀빵세트', '토마토카프레제,모듬견과류,호밀빵 / 신선한 토마토 카프레제와 입맛을 돋굴 견과류', 0, 'MEAL_CATE_00004', '71317293c00f45a4983a659c380cea55.jpg'
);

INSERT
  INTO DM_MEAL
(
  MEAL_CODE, MEAL_NAME, MEAL_DETAIL, MEAL_CALINFO, MEAL_CATE_CODE, MEAL_ATTACH_NAME
)
VALUES
(
  'MEAL_00065', '두부스테이크세트', '두부스테이크,닭가슴살볶음밥,비트주스	 / 단백질 보충에 최고인 식단', 0, 'MEAL_CATE_00004', '8b3b774a0a2b4d87ac99a9224c8091d4.jpg'
);

INSERT
  INTO DM_MEAL
(
  MEAL_CODE, MEAL_NAME, MEAL_DETAIL, MEAL_CALINFO, MEAL_CATE_CODE, MEAL_ATTACH_NAME
)
VALUES
(
  'MEAL_00066', '가지볶음세트', '가지볶음,된장찌개,잡곡밥,동그랑땡 / 한국인이 좋아하는 건강식', 0, 'MEAL_CATE_00004', 'bdca851ccb5c4776a8b3586327fa9c63.jpg'
);

INSERT
  INTO DM_MEAL
(
  MEAL_CODE, MEAL_NAME, MEAL_DETAIL, MEAL_CALINFO, MEAL_CATE_CODE, MEAL_ATTACH_NAME
)
VALUES
(
  'MEAL_00067', '치킨아보카도샐러드세트', '치킨아보카도샐러드,모듬견과류,키위주스 / 어린이도 잘먹는 치킨이 들어간 건강식', 0, 'MEAL_CATE_00004', 'b561fc06e02b49ff926d4ea0c1779300.jpg'
);

INSERT
  INTO DM_MEAL
(
  MEAL_CODE, MEAL_NAME, MEAL_DETAIL, MEAL_CALINFO, MEAL_CATE_CODE, MEAL_ATTACH_NAME
)
VALUES
(
  'MEAL_00068', '소화가잘되는세트', '햄계란말이,장조림,잡곡밥,매실주스 / 맛과 건강과 소화까지 다 챙긴 건강식', 0, 'MEAL_CATE_00004', '661aaace27e24737a3fbc17e1b66e76e.jpg'
);

INSERT
  INTO DM_MEAL
(
  MEAL_CODE, MEAL_NAME, MEAL_DETAIL, MEAL_CALINFO, MEAL_CATE_CODE, MEAL_ATTACH_NAME
)
VALUES
(
  'MEAL_00069', '단호박죽세트', '단호박죽,장조림,동치미 / 할머니의 손맛이 들어간 단호박죽 식단', 0, 'MEAL_CATE_00004', '510fed243267469f938831f7fef9f35f.jpg'
);

INSERT
  INTO DM_MEAL
(
  MEAL_CODE, MEAL_NAME, MEAL_DETAIL, MEAL_CALINFO, MEAL_CATE_CODE, MEAL_ATTACH_NAME
)
VALUES
(
  'MEAL_00070', '채소비빔밥세트', '채소비빔밥,된장찌개,동그랑땡 / 신선하고 새콤달콤한 채소비빔밥이 들어간 건강식', 0, 'MEAL_CATE_00004', '34ba1e54411b43449b7d5f73bdc16761.jpg'
);

INSERT
  INTO DM_MEAL
(
  MEAL_CODE, MEAL_NAME, MEAL_DETAIL, MEAL_CALINFO, MEAL_CATE_CODE, MEAL_ATTACH_NAME
)
VALUES
(
  'MEAL_00071', '깻잎전세트', '깻잎전,오이소박이,현미야채영양밥 / 먹을수록 건강해지는 느낌! 깻잎전세트', 0, 'MEAL_CATE_00004', '3b3819ec2cb344b29cfd33510be03739.jpg'
);

INSERT
  INTO DM_MEAL
(
  MEAL_CODE, MEAL_NAME, MEAL_DETAIL, MEAL_CALINFO, MEAL_CATE_CODE, MEAL_ATTACH_NAME
)
VALUES
(
  'MEAL_00072', '인도커리세트', '인도커리&난,구운닭날개,오렌지주스 / 글로벌 건강식??이런조합 처음이야!', 0, 'MEAL_CATE_00004', '6c7c0215a3ed4f828abed27fb7576193.jpg'
);

INSERT
  INTO DM_MEAL
(
  MEAL_CODE, MEAL_NAME, MEAL_DETAIL, MEAL_CALINFO, MEAL_CATE_CODE, MEAL_ATTACH_NAME
)
VALUES
(
  'MEAL_00073', '간장불고기세트', '간장불고기,시금치무침,김치국 / 한국인이 좋아하는 스탠다드 건강식 간장불고기', 0, 'MEAL_CATE_00004', '9487634d6fe44b618ce7b9e688d6abfd.jpg'
);

INSERT
  INTO DM_MEAL
(
  MEAL_CODE, MEAL_NAME, MEAL_DETAIL, MEAL_CALINFO, MEAL_CATE_CODE, MEAL_ATTACH_NAME
)
VALUES
(
  'MEAL_00074', '된장찌개세트', '잡곡밥,된장찌개,연근조림,동그랑땡 / 구수한 된장찌개를 구독으로 받을수있다고??', 0, 'MEAL_CATE_00004', '654513b143dd4b7585cd9ddbb7071068.jpg'
);

INSERT
  INTO DM_MEAL
(
  MEAL_CODE, MEAL_NAME, MEAL_DETAIL, MEAL_CALINFO, MEAL_CATE_CODE, MEAL_ATTACH_NAME
)
VALUES
(
  'MEAL_00075', '단호박샐러드세트', '단호박샐러드,블루베리요거트,비트주스 / 저탄수화물 고단백질 맛까지 챙긴 건강식', 0, 'MEAL_CATE_00004', '358dcb3fd7e84b91bc2cb5ba748c15f0.jpg'
);

INSERT
  INTO DM_MEAL
(
  MEAL_CODE, MEAL_NAME, MEAL_DETAIL, MEAL_CALINFO, MEAL_CATE_CODE, MEAL_ATTACH_NAME
)
VALUES
(
  'MEAL_00076', '간단건강세트', '햄계란말이,김치국,잡곡밥,우엉조림 / 계란말이에 햄까지 들어간 혜자 건강식', 0, 'MEAL_CATE_00004', 'adc68d82204b49e48b27abe68342056f.jpg'
);

INSERT
  INTO DM_MEAL
(
  MEAL_CODE, MEAL_NAME, MEAL_DETAIL, MEAL_CALINFO, MEAL_CATE_CODE, MEAL_ATTACH_NAME
)
VALUES
(
  'MEAL_00077', '떡갈비세트', '떡갈비,닭가슴살볶음밥,당근주스 / 맛도있고 건강하기까지 한 떡갈비세트', 0, 'MEAL_CATE_00004', '57fca460ae9a427096127b9c5f0c923d.jpg'
);

INSERT
  INTO DM_MEAL
(
  MEAL_CODE, MEAL_NAME, MEAL_DETAIL, MEAL_CALINFO, MEAL_CATE_CODE, MEAL_ATTACH_NAME
)
VALUES
(
  'MEAL_00078', '파스타샐러드세트', '파스타샐러드,블루베리요거트,호밀빵 / 고급스럽고 맛있는 건강식 파스타샐러드', 0, 'MEAL_CATE_00004', 'ed9e912bc05944c5b998689e8825427e.jpg'
);

INSERT
  INTO DM_MEAL
(
  MEAL_CODE, MEAL_NAME, MEAL_DETAIL, MEAL_CALINFO, MEAL_CATE_CODE, MEAL_ATTACH_NAME
)
VALUES
(
  'MEAL_00079', '연근조림세트', '현미야채영양밥,시금치국,연근조림,볶음김치 / 옛날도시락 맛 그대로 연근조림세트', 0, 'MEAL_CATE_00004', 'e8aa7d464e6148c1b3a2d4b497d73870.jpg'
);

INSERT
  INTO DM_MEAL
(
  MEAL_CODE, MEAL_NAME, MEAL_DETAIL, MEAL_CALINFO, MEAL_CATE_CODE, MEAL_ATTACH_NAME
)
VALUES
(
  'MEAL_00080', '나물비빔밥세트', '나물비빔밥, 콩나물국,사과즙,동그랑땡 / 나물비빔밥에 동그랑땡까지?? 혜자 건강식', 0, 'MEAL_CATE_00004', '5a82300e56054980aa0519693ba3436b.jpg'
);

INSERT
  INTO DM_MEAL
(
  MEAL_CODE, MEAL_NAME, MEAL_DETAIL, MEAL_CALINFO, MEAL_CATE_CODE, MEAL_ATTACH_NAME
)
VALUES
(
  'MEAL_00081', '봄나물 비빔밥 식단', '봄내음 가득한 봄나물 비빕밥과 모듬 채소튀김 ', 0, 'MEAL_CATE_00004', 'fede552cdbb746f8a8e288679428e933.jpg'
);

INSERT
  INTO DM_MEAL
(
  MEAL_CODE, MEAL_NAME, MEAL_DETAIL, MEAL_CALINFO, MEAL_CATE_CODE, MEAL_ATTACH_NAME
)
VALUES
(
  'MEAL_00082', '현미 찰보리밥 식단', '건강한 현미 찰보리밥과 두부 꾹강정', 0, 'MEAL_CATE_00004', 'bd755d4c91874438926552e90f464418.jpg'
);

INSERT
  INTO DM_MEAL
(
  MEAL_CODE, MEAL_NAME, MEAL_DETAIL, MEAL_CALINFO, MEAL_CATE_CODE, MEAL_ATTACH_NAME
)
VALUES
(
  'MEAL_00083', '양배추쌈 식단', '포슬포슬 감자밥과 양배추쌈', 0, 'MEAL_CATE_00004', 'af8d7d16478c43cbbad377419daa5c9a.jpg'
);

INSERT
  INTO DM_MEAL
(
  MEAL_CODE, MEAL_NAME, MEAL_DETAIL, MEAL_CALINFO, MEAL_CATE_CODE, MEAL_ATTACH_NAME
)
VALUES
(
  'MEAL_00084', '산나물 비빔밥 식단', '산나물 비빔밥과 햇양파무침', 0, 'MEAL_CATE_00004', 'c998c482939142d9a4b968dc32633d7b.jpg'
);

INSERT
  INTO DM_MEAL
(
  MEAL_CODE, MEAL_NAME, MEAL_DETAIL, MEAL_CALINFO, MEAL_CATE_CODE, MEAL_ATTACH_NAME
)
VALUES
(
  'MEAL_00085', '모듬버섯 양배추볶음 식단', '건새우 시금치국과 모듬버섯 양배추 볶음', 0, 'MEAL_CATE_00004', '755c054f132641e9836274a244b73055.jpg'
);

INSERT
  INTO DM_MEAL
(
  MEAL_CODE, MEAL_NAME, MEAL_DETAIL, MEAL_CALINFO, MEAL_CATE_CODE, MEAL_ATTACH_NAME
)
VALUES
(
  'MEAL_00086', '닭살미역국 식단', '닭살미역국과 애호박쇠채볶음', 0, 'MEAL_CATE_00004', '3b53c1c9cf61401bbb03c2722f9d5d73.jpg'
);

INSERT
  INTO DM_MEAL
(
  MEAL_CODE, MEAL_NAME, MEAL_DETAIL, MEAL_CALINFO, MEAL_CATE_CODE, MEAL_ATTACH_NAME
)
VALUES
(
  'MEAL_00087', '콩비지찌개 식단', '고소한 콩비지찌개와 돈육 고추장 볶음', 0, 'MEAL_CATE_00004', '0273e6e4706442e39d72d6f05094db6d.jpg'
);

INSERT
  INTO DM_MEAL
(
  MEAL_CODE, MEAL_NAME, MEAL_DETAIL, MEAL_CALINFO, MEAL_CATE_CODE, MEAL_ATTACH_NAME
)
VALUES
(
  'MEAL_00088', '쑥감자국 식단', '풋고추 버섯볶음과 쑥감자국', 0, 'MEAL_CATE_00004', 'a7a67358ebad4d06aa99288aec48c98c.JPG'
);

INSERT
  INTO DM_MEAL
(
  MEAL_CODE, MEAL_NAME, MEAL_DETAIL, MEAL_CALINFO, MEAL_CATE_CODE, MEAL_ATTACH_NAME
)
VALUES
(
  'MEAL_00089', '연포탕 식단', '낙지연포탕과 소불고기당면볶음', 0, 'MEAL_CATE_00004', '2a2ea5a96ef244fa87ff9e94ea189275.jpg'
);

INSERT
  INTO DM_MEAL
(
  MEAL_CODE, MEAL_NAME, MEAL_DETAIL, MEAL_CALINFO, MEAL_CATE_CODE, MEAL_ATTACH_NAME
)
VALUES
(
  'MEAL_00090', '가오리찜 식단', '연두부맑은국과 가오리찜', 0, 'MEAL_CATE_00004', 'fd97b088ddb24822abe7173c4e72e83b.jpeg'
);

INSERT
  INTO DM_MEAL
(
  MEAL_CODE, MEAL_NAME, MEAL_DETAIL, MEAL_CALINFO, MEAL_CATE_CODE, MEAL_ATTACH_NAME
)
VALUES
(
  'MEAL_00091', '닭볶음탕 식단', '현미밥과 닭볶음탕', 0, 'MEAL_CATE_00004', 'd315f161ff5048b5a5dc3dfa9c12bb4a.jpg'
);

INSERT
  INTO DM_MEAL
(
  MEAL_CODE, MEAL_NAME, MEAL_DETAIL, MEAL_CALINFO, MEAL_CATE_CODE, MEAL_ATTACH_NAME
)
VALUES
(
  'MEAL_00092', '오리로스구이 식단', '귀리밥과 오리로스구이', 0, 'MEAL_CATE_00004', '3cede993f9a94e97b2c5eae9af398e40.jpg'
);

INSERT
  INTO DM_MEAL
(
  MEAL_CODE, MEAL_NAME, MEAL_DETAIL, MEAL_CALINFO, MEAL_CATE_CODE, MEAL_ATTACH_NAME
)
VALUES
(
  'MEAL_00093', '청국장 식단', '잡곡밥과 청국장찌개', 0, 'MEAL_CATE_00004', 'a11a67adf35143dfa06e1420f2e09ae7.jpg'
);

INSERT
  INTO DM_MEAL
(
  MEAL_CODE, MEAL_NAME, MEAL_DETAIL, MEAL_CALINFO, MEAL_CATE_CODE, MEAL_ATTACH_NAME
)
VALUES
(
  'MEAL_00094', '연잎밥 식단', '흑미밥과 낙지연포탕', 0, 'MEAL_CATE_00004', 'abca1cf756af4011be55bae017a666c1.jpg'
);

INSERT
  INTO DM_MEAL
(
  MEAL_CODE, MEAL_NAME, MEAL_DETAIL, MEAL_CALINFO, MEAL_CATE_CODE, MEAL_ATTACH_NAME
)
VALUES
(
  'MEAL_00095', '고등어무조림 식단', '수수밥과 고등어무조림', 0, 'MEAL_CATE_00004', '1d42d79ec2a44f4d9de48e16b9c69779.jpg'
);

INSERT
  INTO DM_MEAL
(
  MEAL_CODE, MEAL_NAME, MEAL_DETAIL, MEAL_CALINFO, MEAL_CATE_CODE, MEAL_ATTACH_NAME
)
VALUES
(
  'MEAL_00096', '들깨배춧국 식단', '완두콩밥과 들깨배춧국', 0, 'MEAL_CATE_00004', '78f8f614de7d417fba66d9626dc6e8fb.jpg'
);

INSERT
  INTO DM_MEAL
(
  MEAL_CODE, MEAL_NAME, MEAL_DETAIL, MEAL_CALINFO, MEAL_CATE_CODE, MEAL_ATTACH_NAME
)
VALUES
(
  'MEAL_00097', '곤드레밥 식단', '곤드레밥과 안동찜닭', 0, 'MEAL_CATE_00004', 'bb1ca3d2c0fd4dd8b167d87f9210b64f.jpg'
);

INSERT
  INTO DM_MEAL
(
  MEAL_CODE, MEAL_NAME, MEAL_DETAIL, MEAL_CALINFO, MEAL_CATE_CODE, MEAL_ATTACH_NAME
)
VALUES
(
  'MEAL_00098', '돈갈비찜 식단', '잡곡밥과 돈갈비찜', 0, 'MEAL_CATE_00004', '417bd4830fa04bea9831680359fe86f8.jpg'
);

INSERT
  INTO DM_MEAL
(
  MEAL_CODE, MEAL_NAME, MEAL_DETAIL, MEAL_CALINFO, MEAL_CATE_CODE, MEAL_ATTACH_NAME
)
VALUES
(
  'MEAL_00099', '순두부백탕 식단', '잡곡밥과 순두부백탕', 0, 'MEAL_CATE_00004', 'c17bb13b924f44f49f547385dd71a745.jpg'
);

INSERT
  INTO DM_MEAL
(
  MEAL_CODE, MEAL_NAME, MEAL_DETAIL, MEAL_CALINFO, MEAL_CATE_CODE, MEAL_ATTACH_NAME
)
VALUES
(
  'MEAL_00100', '양구시래기 불고기 식단', '수수밥과 강원도 양구 시래기장을 곁들인 불고기', 0, 'MEAL_CATE_00004', 'a099ecbe61614e92a27c0b722cade3d9.jpg'
);

INSERT
  INTO DM_MENU
(
  MENU_CODE, MENU_NAME, MENU_ALLERGIE, MENU_CALINFO, MENU_NUTRIENT, MENU_ATTACH_NAME
)
VALUES
(
  'MENU_00001', '해물 로제 파스타', '해산물',450,'탄수화물25g,지방5g,단백질13g', '11b35b7dce0d4036953389f62cc975c4.jpg'
);

INSERT
  INTO DM_MENU
(
  MENU_CODE, MENU_NAME, MENU_ALLERGIE, MENU_CALINFO, MENU_NUTRIENT, MENU_ATTACH_NAME
)
VALUES
(
  'MENU_00002', '크림스프', '우유 및 유제품',200,'탄수화물70g,지방15g,단백질5g', '9e4c2f4f6ba741c3a73dded9f097a15b.png'
);

INSERT
  INTO DM_MENU
(
  MENU_CODE, MENU_NAME, MENU_ALLERGIE, MENU_CALINFO, MENU_NUTRIENT, MENU_ATTACH_NAME
)
VALUES
(
  'MENU_00003', '올리브 포케 샐러드', '양파, 당근',150,'탄수화물42g,지방2g,단백질1.9g', '7b6c1dc998f1456788e48678a265234d.png'
);

INSERT
  INTO DM_MENU
(
  MENU_CODE, MENU_NAME, MENU_ALLERGIE, MENU_CALINFO, MENU_NUTRIENT, MENU_ATTACH_NAME
)
VALUES
(
  'MENU_00004', '토마토 비프 감자뇨끼', '돼지고기',400,'탄수화물35g,지방44g,단백질14g', '88c7e92c2a844f5ea9c20bd043a98725.jpg'
);

INSERT
  INTO DM_MENU
(
  MENU_CODE, MENU_NAME, MENU_ALLERGIE, MENU_CALINFO, MENU_NUTRIENT, MENU_ATTACH_NAME
)
VALUES
(
  'MENU_00005', '단호박스프', '단호박, 우유 및 유제품',200,'탄수화물73g,지방146g,단백질9g', '03dfed0c3fdd4ce78ef63314fad227ee.jpeg'
);

INSERT
  INTO DM_MENU
(
  MENU_CODE, MENU_NAME, MENU_ALLERGIE, MENU_CALINFO, MENU_NUTRIENT, MENU_ATTACH_NAME
)
VALUES
(
  'MENU_00006', '연어야채롤', '연어, 양파',350,'탄수화물20g,지방106g,단백질5g', '5cce521b51814f5d8a1a18598262c0b8.jpeg'
);

INSERT
  INTO DM_MENU
(
  MENU_CODE, MENU_NAME, MENU_ALLERGIE, MENU_CALINFO, MENU_NUTRIENT, MENU_ATTACH_NAME
)
VALUES
(
  'MENU_00007', '연어 스테이크', '연어',500,'탄수화물0g,지방8g,단백질24g', '6a28cc85ef9845089729cc73300a081b.jpg'
);

INSERT
  INTO DM_MENU
(
  MENU_CODE, MENU_NAME, MENU_ALLERGIE, MENU_CALINFO, MENU_NUTRIENT, MENU_ATTACH_NAME
)
VALUES
(
  'MENU_00008', '양송이 스프', '양송이, 우유 및 유제품',200,'탄수화물15g,지방16g,단백질15g', '5b9f86830b9e4c9995a06565cdf45136.jpeg'
);

INSERT
  INTO DM_MENU
(
  MENU_CODE, MENU_NAME, MENU_ALLERGIE, MENU_CALINFO, MENU_NUTRIENT, MENU_ATTACH_NAME
)
VALUES
(
  'MENU_00009', '푸실리 샐러드', '샐러리',200,'탄수화물72g,지방1.6g,단백질1.9g', 'a6c7ccb6e944429ea4b7c286d818e700.jpeg'
);

INSERT
  INTO DM_MENU
(
  MENU_CODE, MENU_NAME, MENU_ALLERGIE, MENU_CALINFO, MENU_NUTRIENT, MENU_ATTACH_NAME
)
VALUES
(
  'MENU_00010', '새우크림 리조또', '새우 및 갑각류, 우유 및 유제품',400,'탄수화물95g,지방5g,단백질19g', '9a33896030b74041be55dc61a5752178.jpg'
);

INSERT
  INTO DM_MENU
(
  MENU_CODE, MENU_NAME, MENU_ALLERGIE, MENU_CALINFO, MENU_NUTRIENT, MENU_ATTACH_NAME
)
VALUES
(
  'MENU_00011', '야채스프', '우유 및 유제품',200,'탄수화물72g,지방86g,단백질16g', '3d432113a4f143dd9c560687e8192fda.png'
);

INSERT
  INTO DM_MENU
(
  MENU_CODE, MENU_NAME, MENU_ALLERGIE, MENU_CALINFO, MENU_NUTRIENT, MENU_ATTACH_NAME
)
VALUES
(
  'MENU_00012', '토마토 스프레드', '토마토',200,'탄수화물94g,지방122g,단백질15g', '6db154857a224412b2a261385d412130.png'
);

INSERT
  INTO DM_MENU
(
  MENU_CODE, MENU_NAME, MENU_ALLERGIE, MENU_CALINFO, MENU_NUTRIENT, MENU_ATTACH_NAME
)
VALUES
(
  'MENU_00013', '봉골레 파스타', '해조류',500,'탄수화물102g,지방9g,단백질15g', '04e4bcf3f123452cbc3bf5a916eb8ee7.jpg'
);

INSERT
  INTO DM_MENU
(
  MENU_CODE, MENU_NAME, MENU_ALLERGIE, MENU_CALINFO, MENU_NUTRIENT, MENU_ATTACH_NAME
)
VALUES
(
  'MENU_00014', '토마토 비프스튜', '돼지고기',550,'탄수화물114g,지방39g,단백질36g', 'bfed67e52b504ce89c612707ef263791.jpeg'
);

INSERT
  INTO DM_MENU
(
  MENU_CODE, MENU_NAME, MENU_ALLERGIE, MENU_CALINFO, MENU_NUTRIENT, MENU_ATTACH_NAME
)
VALUES
(
  'MENU_00015', '연어샐러드', '연어, 양파',300,'탄수화물30g,지방73g,단백질18g', '94c17e370e6448218b71aacb174a29af.jpeg'
);

INSERT
  INTO DM_MENU
(
  MENU_CODE, MENU_NAME, MENU_ALLERGIE, MENU_CALINFO, MENU_NUTRIENT, MENU_ATTACH_NAME
)
VALUES
(
  'MENU_00016', '페퍼로니 피자 2조각', '우유 및 유제품',1100,'탄수화물76g,지방41g,단백질19g', '4986f418d98d4e2993496d79e538f98f.jpg'
);

INSERT
  INTO DM_MENU
(
  MENU_CODE, MENU_NAME, MENU_ALLERGIE, MENU_CALINFO, MENU_NUTRIENT, MENU_ATTACH_NAME
)
VALUES
(
  'MENU_00017', '토마토 라자냐', '토마토',400,'탄수화물82g,지방54g,단백질8g', '4d82e24b7293480a900906e059a65310.jpg'
);

INSERT
  INTO DM_MENU
(
  MENU_CODE, MENU_NAME, MENU_ALLERGIE, MENU_CALINFO, MENU_NUTRIENT, MENU_ATTACH_NAME
)
VALUES
(
  'MENU_00018', '야채 포케 샐러드', '양파',150,'탄수화물40g,지방1g,단백질13g', '484da78aff3e404e989cf7b13e086df8.jpeg'
);

INSERT
  INTO DM_MENU
(
  MENU_CODE, MENU_NAME, MENU_ALLERGIE, MENU_CALINFO, MENU_NUTRIENT, MENU_ATTACH_NAME
)
VALUES
(
  'MENU_00019', '치킨 스테이크', '닭고기',600,'탄수화물20g,지방8g,단백질23g', '36f54efd8b0a42beaf69a93de6630936.jpg'
);

INSERT
  INTO DM_MENU
(
  MENU_CODE, MENU_NAME, MENU_ALLERGIE, MENU_CALINFO, MENU_NUTRIENT, MENU_ATTACH_NAME
)
VALUES
(
  'MENU_00020', '명란 크림 파스타', '우유 및 유제품',500,'탄수화물62g,지방21g,단백질6g', 'd7a0f5ea7b0244938f8c4c9b9b498431.jpg'
);

INSERT
  INTO DM_MENU
(
  MENU_CODE, MENU_NAME, MENU_ALLERGIE, MENU_CALINFO, MENU_NUTRIENT, MENU_ATTACH_NAME
)
VALUES
(
  'MENU_00021', '토마토 파스타', '토마토',450,'탄수화물59g,지방37g,단백질7g', '6de7edee47734a84b5bdfcbdcbff6b5d.jpg'
);

INSERT
  INTO DM_MENU
(
  MENU_CODE, MENU_NAME, MENU_ALLERGIE, MENU_CALINFO, MENU_NUTRIENT, MENU_ATTACH_NAME
)
VALUES
(
  'MENU_00022', '토마토 비프 리조또', '돼지고기',450,'탄수화물56g,지방24g,단백질10g', '70c75adc73084436a1fad3b194cd0dc6.jpg'
);

INSERT
  INTO DM_MENU
(
  MENU_CODE, MENU_NAME, MENU_ALLERGIE, MENU_CALINFO, MENU_NUTRIENT, MENU_ATTACH_NAME
)
VALUES
(
  'MENU_00023', '웨지감자', '감자',600,'탄수화물52g,지방32g,단백질11g', 'f65af71ff9f3487c8a179b8142b54c50.jpg'
);

INSERT
  INTO DM_MENU
(
  MENU_CODE, MENU_NAME, MENU_ALLERGIE, MENU_CALINFO, MENU_NUTRIENT, MENU_ATTACH_NAME
)
VALUES
(
  'MENU_00024', '쭈꾸미 오일 파스타', '해산물',500,'탄수화물89g,지방67g,단백질19g', '891bce88e327414ea59962c073014935.jpg'
);

INSERT
  INTO DM_MENU
(
  MENU_CODE, MENU_NAME, MENU_ALLERGIE, MENU_CALINFO, MENU_NUTRIENT, MENU_ATTACH_NAME
)
VALUES
(
  'MENU_00025', '마르게리따 피자 2조각', '토마토, 우유 및 유제품',500,'탄수화물85g,지방43g,단백질7g', '90fc7224969847fa841934ac4fef203d.jpg'
);

INSERT
  INTO DM_MENU
(
  MENU_CODE, MENU_NAME, MENU_ALLERGIE, MENU_CALINFO, MENU_NUTRIENT, MENU_ATTACH_NAME
)
VALUES
(
  'MENU_00026', '돼지 등심 그라탕', '돼지고기',600,'탄수화물96g,지방62g,단백질24g', '2d3daae4414643928efe66b667fca9ee.jpg'
);

INSERT
  INTO DM_MENU
(
  MENU_CODE, MENU_NAME, MENU_ALLERGIE, MENU_CALINFO, MENU_NUTRIENT, MENU_ATTACH_NAME
)
VALUES
(
  'MENU_00027', '냉오일파스타', ' ',400,'탄수화물10g,지방47g,단백질2g', '64ce8c41ee3b438aa43cde9a68c9ac57.jpg'
);

INSERT
  INTO DM_MENU
(
  MENU_CODE, MENU_NAME, MENU_ALLERGIE, MENU_CALINFO, MENU_NUTRIENT, MENU_ATTACH_NAME
)
VALUES
(
  'MENU_00028', '토마토 치즈 가지롤', '우유 및 유제품',500,'탄수화물89g,지방50g,단백질15g', 'e05013cdf9274b4882af10ffc69c49be.png'
);

INSERT
  INTO DM_MENU
(
  MENU_CODE, MENU_NAME, MENU_ALLERGIE, MENU_CALINFO, MENU_NUTRIENT, MENU_ATTACH_NAME
)
VALUES
(
  'MENU_00029', '알리오 올리오', '마늘',400,'탄수화물72g,지방36g,단백질4g', 'a8dc4f654d8345aa9153887a2f5986d3.jpg'
);

INSERT
  INTO DM_MENU
(
  MENU_CODE, MENU_NAME, MENU_ALLERGIE, MENU_CALINFO, MENU_NUTRIENT, MENU_ATTACH_NAME
)
VALUES
(
  'MENU_00030', '해물 오일 리조또', '해산물',500,'탄수화물83g,지방43g,단백질24g', '86220cdb35c44294883ac9e053fba8fe.jpg'
);

INSERT
  INTO DM_MENU
(
  MENU_CODE, MENU_NAME, MENU_ALLERGIE, MENU_CALINFO, MENU_NUTRIENT, MENU_ATTACH_NAME
)
VALUES
(
  'MENU_00031', '크림 라자냐', '우유 및 유제품',500,'탄수화물79g,지방54g,단백질10g', '92c9d82a0266466f9385fd4ec2c4faee.jpg'
);

INSERT
  INTO DM_MENU
(
  MENU_CODE, MENU_NAME, MENU_ALLERGIE, MENU_CALINFO, MENU_NUTRIENT, MENU_ATTACH_NAME
)
VALUES
(
  'MENU_00032', '로제 감자뇨끼', '우유 및 유제품',500,'탄수화물72g,지방32g,단백질9g', '13862cb23131430fafe2c3f59ea31d03.jpg'
);

INSERT
  INTO DM_MENU
(
  MENU_CODE, MENU_NAME, MENU_ALLERGIE, MENU_CALINFO, MENU_NUTRIENT, MENU_ATTACH_NAME
)
VALUES
(
  'MENU_00033', '돼지 목살 스테이크', '돼지고기',600,'탄수화물25g,지방12g,단백질20g', 'dec2a0241e444efb957ee840f23b4bf3.jpg'
);

INSERT
  INTO DM_MENU
(
  MENU_CODE, MENU_NAME, MENU_ALLERGIE, MENU_CALINFO, MENU_NUTRIENT, MENU_ATTACH_NAME
)
VALUES
(
  'MENU_00034', '참치 포케 샐러드', '생선, 양파',500,'탄수화물70g,지방12g,단백질20g', 'b82bdfee27224e5e8652fbe1fa727e35.png'
);

INSERT
  INTO DM_MENU
(
  MENU_CODE, MENU_NAME, MENU_ALLERGIE, MENU_CALINFO, MENU_NUTRIENT, MENU_ATTACH_NAME
)
VALUES
(
  'MENU_00035', '배추김치', '새우',30,'나트륨 580mg, 탄수화물 6g, 당류 3g, 단백질 2g', 'aecc730b749d42f9b9c71cf4dd729eb0.jpg'
);

INSERT
  INTO DM_MENU
(
  MENU_CODE, MENU_NAME, MENU_ALLERGIE, MENU_CALINFO, MENU_NUTRIENT, MENU_ATTACH_NAME
)
VALUES
(
  'MENU_00036', '단무지', ' ',10,'지방 0.12g, 탄수화물 1.96g, 단백질 0.42g', 'c258641b694b43c28767bd414a2bfd92.jpg'
);

INSERT
  INTO DM_MENU
(
  MENU_CODE, MENU_NAME, MENU_ALLERGIE, MENU_CALINFO, MENU_NUTRIENT, MENU_ATTACH_NAME
)
VALUES
(
  'MENU_00037', '깍두기', '새우',38,'탄수화물 7.54g, 단백질 1.43g, 지방 0.19g', 'f6a1ae7016424e2aa8b7a3de7114b239.jpg'
);

INSERT
  INTO DM_MENU
(
  MENU_CODE, MENU_NAME, MENU_ALLERGIE, MENU_CALINFO, MENU_NUTRIENT, MENU_ATTACH_NAME
)
VALUES
(
  'MENU_00038', '겉절이', '새우',37,'지방1.76g, 탄수화물 4.87g, 단백질 1.99g', '73584e9186d94a9383464f6259b57e38.jpg'
);

INSERT
  INTO DM_MENU
(
  MENU_CODE, MENU_NAME, MENU_ALLERGIE, MENU_CALINFO, MENU_NUTRIENT, MENU_ATTACH_NAME
)
VALUES
(
  'MENU_00039', '열무김치', '새우',32,'지방 0.3g, 탄수화물 7.83g, 단백질 1.62g', '0a4f1cd5c56d44dcb5cbf844ed1b2cb0.jpg'
);

INSERT
  INTO DM_MENU
(
  MENU_CODE, MENU_NAME, MENU_ALLERGIE, MENU_CALINFO, MENU_NUTRIENT, MENU_ATTACH_NAME
)
VALUES
(
  'MENU_00040', '오이냉국', '오이',30,'지방 0.16g, 탄수화물 6.3g, 단백질 1.94g', '52ba8f14d384486cb1cebc9394b76b1a.jpg'
);

INSERT
  INTO DM_MENU
(
  MENU_CODE, MENU_NAME, MENU_ALLERGIE, MENU_CALINFO, MENU_NUTRIENT, MENU_ATTACH_NAME
)
VALUES
(
  'MENU_00041', '배추된장국', '콩가루, 돼지고기',108,'지방 2.01g, 탄수화물 8.64g, 단백질 3.8g', 'c3a0ad12643a4f2aae5fff12511f2056.jpg'
);

INSERT
  INTO DM_MENU
(
  MENU_CODE, MENU_NAME, MENU_ALLERGIE, MENU_CALINFO, MENU_NUTRIENT, MENU_ATTACH_NAME
)
VALUES
(
  'MENU_00042', '김치국', '새우',70,'지방 3.26g, 탄수화물 2.7g, 단백질 3.24g', 'd044193c7f534920b66355df1566310e.jpg'
);

INSERT
  INTO DM_MENU
(
  MENU_CODE, MENU_NAME, MENU_ALLERGIE, MENU_CALINFO, MENU_NUTRIENT, MENU_ATTACH_NAME
)
VALUES
(
  'MENU_00043', '콩나물국', '새우, 계란',32,'지방 3.08g, 탄수화물 11.74g, 단백질 4.34g', 'd515b2d14fed4d64906f9cf37d92add0.jpg'
);

INSERT
  INTO DM_MENU
(
  MENU_CODE, MENU_NAME, MENU_ALLERGIE, MENU_CALINFO, MENU_NUTRIENT, MENU_ATTACH_NAME
)
VALUES
(
  'MENU_00044', '소고기무국', '소고기',144,'지방 12.93g, 탄수화물 18g, 단백질 24.6g', '221af0a8bc6a4af8a6ba3f8b53de5427.jpg'
);

INSERT
  INTO DM_MENU
(
  MENU_CODE, MENU_NAME, MENU_ALLERGIE, MENU_CALINFO, MENU_NUTRIENT, MENU_ATTACH_NAME
)
VALUES
(
  'MENU_00045', '멸치볶음', '견과류',173,'지방 5.2g, 탄수화물 0.45g, 단백질 11.15g', '017834ed172a4e3b8b5008a49fdca68c.jpg'
);

INSERT
  INTO DM_MENU
(
  MENU_CODE, MENU_NAME, MENU_ALLERGIE, MENU_CALINFO, MENU_NUTRIENT, MENU_ATTACH_NAME
)
VALUES
(
  'MENU_00046', '무말랭이', '새우',196,'지방 7.42g, 탄수화물 30.6g, 단백질 4.62g', 'b51b0d118cf14780a14890ad89e45e46.jpg'
);

INSERT
  INTO DM_MENU
(
  MENU_CODE, MENU_NAME, MENU_ALLERGIE, MENU_CALINFO, MENU_NUTRIENT, MENU_ATTACH_NAME
)
VALUES
(
  'MENU_00047', '어묵볶음', '어류, 당근',137,'지방 5.39g, 탄수화물 15.62g, 단백질 7.91g', 'ff3cc23d08474cba9bbf415581af71d6.jpg'
);

INSERT
  INTO DM_MENU
(
  MENU_CODE, MENU_NAME, MENU_ALLERGIE, MENU_CALINFO, MENU_NUTRIENT, MENU_ATTACH_NAME
)
VALUES
(
  'MENU_00048', '연근조림', ' ',96,'지방 1.23g, 탄수화물 20.14g, 단백질 2.84g', '8e7fdfb6f3764e08ade575b9b87d3f5f.jpg'
);

INSERT
  INTO DM_MENU
(
  MENU_CODE, MENU_NAME, MENU_ALLERGIE, MENU_CALINFO, MENU_NUTRIENT, MENU_ATTACH_NAME
)
VALUES
(
  'MENU_00049', '감자볶음', '당근',118,'지방 5.42g, 탄수화물 13.72g, 단백질 1.46g', 'c1196542eccd4aaea59be3015b144b3c.jpg'
);

INSERT
  INTO DM_MENU
(
  MENU_CODE, MENU_NAME, MENU_ALLERGIE, MENU_CALINFO, MENU_NUTRIENT, MENU_ATTACH_NAME
)
VALUES
(
  'MENU_00050', '소불고기', '당근, 소고기',162,'지방 4.72g, 탄수화물 3g, 단백질 9.7g', '0ce7ae1b3a0e4530bdef3a2ce77b6d64.jpg'
);

INSERT
  INTO DM_MENU
(
  MENU_CODE, MENU_NAME, MENU_ALLERGIE, MENU_CALINFO, MENU_NUTRIENT, MENU_ATTACH_NAME
)
VALUES
(
  'MENU_00051', '계란찜', '계란, 새우',142,'지방 10.1g, 탄수화물 2g, 단백질 10g', 'e4fc2eabf64e428b8b15b101188ff5f7.jpg'
);

INSERT
  INTO DM_MENU
(
  MENU_CODE, MENU_NAME, MENU_ALLERGIE, MENU_CALINFO, MENU_NUTRIENT, MENU_ATTACH_NAME
)
VALUES
(
  'MENU_00052', '찜닭', '당근, 닭고기',193,'지방 7.5g, 탄수화물 15.6g, 단백질 13.9g', 'd50d564efca04bc384dce5c8da19614d.jpg'
);

INSERT
  INTO DM_MENU
(
  MENU_CODE, MENU_NAME, MENU_ALLERGIE, MENU_CALINFO, MENU_NUTRIENT, MENU_ATTACH_NAME
)
VALUES
(
  'MENU_00053', '두부부침', '계란, 콩가루',118,'지방 7.64g, 탄수화물 3.77g 단백질 9.85g', '832b932759f7441d9596d804443807ce.jpg'
);

INSERT
  INTO DM_MENU
(
  MENU_CODE, MENU_NAME, MENU_ALLERGIE, MENU_CALINFO, MENU_NUTRIENT, MENU_ATTACH_NAME
)
VALUES
(
  'MENU_00054', '돼지불고기', '당근, 돼지고기',185,'지방 10.3g, 탄수 4.18g, 단백질 10.08g', '0b7329a19120496c9e95e703b9f2c8cb.jpg'
);

INSERT
  INTO DM_MENU
(
  MENU_CODE, MENU_NAME, MENU_ALLERGIE, MENU_CALINFO, MENU_NUTRIENT, MENU_ATTACH_NAME
)
VALUES
(
  'MENU_00055', '참치김밥', '당근, 참치',496,'지방 6.3g, 탄수화물 78.71g, 단백질 26.92g', 'd50d564efca04bc384dce5c8da19614d.jpg'
);

INSERT
  INTO DM_MENU
(
  MENU_CODE, MENU_NAME, MENU_ALLERGIE, MENU_CALINFO, MENU_NUTRIENT, MENU_ATTACH_NAME
)
VALUES
(
  'MENU_00056', '돈까스김밥', '당근, 돼지고기',484,'지방 29g, 탄수화물 61g, 단백질 10g', '5ae6ba83026b4ecfaf829f69049cfb88.jpg'
);

INSERT
  INTO DM_MENU
(
  MENU_CODE, MENU_NAME, MENU_ALLERGIE, MENU_CALINFO, MENU_NUTRIENT, MENU_ATTACH_NAME
)
VALUES
(
  'MENU_00057', '멸치김밥', '당근',419,'지방 4g, 탄수화물 64g, 단백질 32g', '187cafe85dde4c7e84d6d94c09c84bc5.jpg'
);

INSERT
  INTO DM_MENU
(
  MENU_CODE, MENU_NAME, MENU_ALLERGIE, MENU_CALINFO, MENU_NUTRIENT, MENU_ATTACH_NAME
)
VALUES
(
  'MENU_00058', '연두부', '콩가루',45,'지방 2.3g, 탄수화물 2g, 단백질 4g', 'ae87d23577954244b96faba6bcd4e427.jpg'
);

INSERT
  INTO DM_MENU
(
  MENU_CODE, MENU_NAME, MENU_ALLERGIE, MENU_CALINFO, MENU_NUTRIENT, MENU_ATTACH_NAME
)
VALUES
(
  'MENU_00059', '쌀밥', ' ',200,'지방 0.69g, 탄수화물 44g, 단백질 3.8g', '4e055bd8ff8546f0a5ae23b9f74d98f2.jpg'
);

INSERT
  INTO DM_MENU
(
  MENU_CODE, MENU_NAME, MENU_ALLERGIE, MENU_CALINFO, MENU_NUTRIENT, MENU_ATTACH_NAME
)
VALUES
(
  'MENU_00060', '현미밥', ' ',204,'지방 1.02g, 탄수화물 46g, 단백질 4.2g', '61187ae0aa8b405cbb7e57711ee1ee50.jpg'
);

INSERT
  INTO DM_MENU
(
  MENU_CODE, MENU_NAME, MENU_ALLERGIE, MENU_CALINFO, MENU_NUTRIENT, MENU_ATTACH_NAME
)
VALUES
(
  'MENU_00061', '완두콩밥', '완두콩',232.5,'지방 1.05g, 탄수화물 52.26g, 단백질 4.79g', 'ada44391f233453ab756102f731a4bfc.jpg'
);

INSERT
  INTO DM_MENU
(
  MENU_CODE, MENU_NAME, MENU_ALLERGIE, MENU_CALINFO, MENU_NUTRIENT, MENU_ATTACH_NAME
)
VALUES
(
  'MENU_00062', '프랜치토스트', '우유,계란,밀',200,'나트륨: 150mg 20% 탄수화물: 13g 4% 당류:13g 13%지방: 4.1g 6% 트랜스지방: 2g 2% 포화지방: 2.5g 17%', '9ba9cc81e6044e31b2822d1e70d0b5a4.png'
);

INSERT
  INTO DM_MENU
(
  MENU_CODE, MENU_NAME, MENU_ALLERGIE, MENU_CALINFO, MENU_NUTRIENT, MENU_ATTACH_NAME
)
VALUES
(
  'MENU_00063', '우유&시리얼', '우유,계란,밀',180,'나트륨: 100mg 17% 탄수화물: 24g 7% 당류:6g 6% 지방: 2.6g 5% 트랜스지방: 0g  포화지방: 1.1g 7%', '3fb548354e244303ac1bf0b1ceefc3bd.png'
);

INSERT
  INTO DM_MENU
(
  MENU_CODE, MENU_NAME, MENU_ALLERGIE, MENU_CALINFO, MENU_NUTRIENT, MENU_ATTACH_NAME
)
VALUES
(
  'MENU_00064', '스크램블드에그', '우유,계란,밀',100,'나트륨: 100mg 17% 탄수화물: 13g 2% 단백질 : 13g 8% 당류:7g 6% 지방: 2.6g 5% 트랜스지방: 0g  포화지방: 5g 4%', '6bb51a64cab84f1b881d01c738d59e50.png'
);

INSERT
  INTO DM_MENU
(
  MENU_CODE, MENU_NAME, MENU_ALLERGIE, MENU_CALINFO, MENU_NUTRIENT, MENU_ATTACH_NAME
)
VALUES
(
  'MENU_00065', '햄구이', '돼지고기, 닭고기, 쇠고기, 대두, 계란, 밀, 우유',80,'탄수화물 : 2.61g 단백질 : 26.02g 지방 : 51.39g 당류 : 3.26g 나트륨 : 1506.75mg 콜레스테롤 : 53.61mg 포화지방산 : 9.21g 트랜스지방 : 0.36g', 'a000dfc6b0e74980821c172032745f17.png'
);

INSERT
  INTO DM_MENU
(
  MENU_CODE, MENU_NAME, MENU_ALLERGIE, MENU_CALINFO, MENU_NUTRIENT, MENU_ATTACH_NAME
)
VALUES
(
  'MENU_00066', '그린샐러드&드레싱', '우유, 대두, 밀',100,'탄수화물 : 24g 단백질 : 7g 지방 : 13g 나트륨 : 315mg 콜레스테롤 : 152mg', '0bb3c792b65c44bb941d0954a8b63cc2.png'
);

INSERT
  INTO DM_MENU
(
  MENU_CODE, MENU_NAME, MENU_ALLERGIE, MENU_CALINFO, MENU_NUTRIENT, MENU_ATTACH_NAME
)
VALUES
(
  'MENU_00067', '고구마무스닭갈비', '닭고기,대두,밀,',270,'탄수화물 : 44.9g 단백질 : 45.9g 지방 : 25.8g 당류 : 21.2g 나트륨 : 1535.83mg 콜레스테롤 : 193.4mg 포화지방산 : 6g 트랜스지방 : 0.2g', '9ef9c37bffe647e289f554c2eef1aec0.png'
);

INSERT
  INTO DM_MENU
(
  MENU_CODE, MENU_NAME, MENU_ALLERGIE, MENU_CALINFO, MENU_NUTRIENT, MENU_ATTACH_NAME
)
VALUES
(
  'MENU_00068', '잡곡밥', ' ',180,'탄수화물 : 58.65g 단백질 : 10.59g 지방 : 1.74g 당류 : 0.64g 나트륨 : 5.29mg 콜레스테롤 : 0mg 포화지방산 : 0.44g', '0a137d3ff4ee43b99e51e4ddd25bcb03.png'
);

INSERT
  INTO DM_MENU
(
  MENU_CODE, MENU_NAME, MENU_ALLERGIE, MENU_CALINFO, MENU_NUTRIENT, MENU_ATTACH_NAME
)
VALUES
(
  'MENU_00069', '동치미국물', ' ',70,'탄수화물 : 4.55g 단백질 : 0.58g 지방 : 0.74g 당류 : 2.9g 나트륨 : 823.74mg 포화지방산 : 0.02g', 'abbf01b468154945a0add2966ce40503.png'
);

INSERT
  INTO DM_MENU
(
  MENU_CODE, MENU_NAME, MENU_ALLERGIE, MENU_CALINFO, MENU_NUTRIENT, MENU_ATTACH_NAME
)
VALUES
(
  'MENU_00070', '메밀전병', '메밀,대두,우유,밀',200,'탄수화물 : 21.62g 단백질 : 6.19g 지방 : 6.29g 당류 : 0.62g 나트륨 : 345.81mg 콜레스테롤 : 8.05mg 포화지방산 : 1.19g 트랜스지방 : 0.04g', '90ad5c2873d74a0cb715b5395e882e6d.png'
);

INSERT
  INTO DM_MENU
(
  MENU_CODE, MENU_NAME, MENU_ALLERGIE, MENU_CALINFO, MENU_NUTRIENT, MENU_ATTACH_NAME
)
VALUES
(
  'MENU_00071', '깻잎무쌈', ' ',13,'탄수화물 : 7g 단백질 : 1g 지방 : 1.7g 당류 : 2g 나트륨 : 95mg', 'fad77f1e634a4fc5a154b839dd31df3c.png'
);

INSERT
  INTO DM_MENU
(
  MENU_CODE, MENU_NAME, MENU_ALLERGIE, MENU_CALINFO, MENU_NUTRIENT, MENU_ATTACH_NAME
)
VALUES
(
  'MENU_00072', '알타리김치', ' ',12,'탄수화물 : 0.93g 단백질 : 0.27g 지방 : 0.03g 나트륨 : 404.73mg', 'e153109c4caa4ed7a63fa7cedab03e0c.png'
);

INSERT
  INTO DM_MENU
(
  MENU_CODE, MENU_NAME, MENU_ALLERGIE, MENU_CALINFO, MENU_NUTRIENT, MENU_ATTACH_NAME
)
VALUES
(
  'MENU_00074', '브로컬리흑임자무침', '대두,밀',30,'탄수화물 : 43.4g 단백질 : 4.3g 지방 : 2.8g 당류 : 20.2g 나트륨 : 1246.58mg 콜레스테롤 : 0.17mg 포화지방산 : 0.4g', '932722abaa76485d8723e6552595bcaf.png'
);

INSERT
  INTO DM_MENU
(
  MENU_CODE, MENU_NAME, MENU_ALLERGIE, MENU_CALINFO, MENU_NUTRIENT, MENU_ATTACH_NAME
)
VALUES
(
  'MENU_00075', '해파리냉채', '해파리,대두,밀,땅콩',75,'탄수화물 : 13.4g 단백질 : 6.2g 지방 : 1.4g 당류 : 11.4g 나트륨 : 508.77mg 콜레스테롤 : 40.33mg 포화지방산 : 0.3g', '96a5900e8bdf4674b914bb64779e4c06.png'
);

INSERT
  INTO DM_MENU
(
  MENU_CODE, MENU_NAME, MENU_ALLERGIE, MENU_CALINFO, MENU_NUTRIENT, MENU_ATTACH_NAME
)
VALUES
(
  'MENU_00077', '꽃게된장찌개', '꽃게',140,'탄수화물 : 14g 단백질 : 15g 지방 : 7.7g 당류 : 4.6g 나트륨 : 1443mg 콜레스테롤 : 10mg 포화지방산 : 1.4g', '9155273e756847599fcb74d8eb187ddd.png'
);

INSERT
  INTO DM_MENU
(
  MENU_CODE, MENU_NAME, MENU_ALLERGIE, MENU_CALINFO, MENU_NUTRIENT, MENU_ATTACH_NAME
)
VALUES
(
  'MENU_00078', '유니자장덮밥', '대두,밀',170,'탄수화물 : 69g 단백질 : 14g 지방 : 11g 당류 : 10g 나트륨 : 1110mg 콜레스테롤 : 27mg 포화지방산 : 4g', 'de27a6c23cbf4573a826c5b0cee8d4fc.png'
);

INSERT
  INTO DM_MENU
(
  MENU_CODE, MENU_NAME, MENU_ALLERGIE, MENU_CALINFO, MENU_NUTRIENT, MENU_ATTACH_NAME
)
VALUES
(
  'MENU_00079', '게살스프', '게살,우유,대두,밀',120,'탄수화물 : 11.4g 단백질 : 1.8g 지방 : 2.2g 나트륨 : 95.7mg ', '5f12ccf6e51541d7abecf146fa765bed.png'
);

INSERT
  INTO DM_MENU
(
  MENU_CODE, MENU_NAME, MENU_ALLERGIE, MENU_CALINFO, MENU_NUTRIENT, MENU_ATTACH_NAME
)
VALUES
(
  'MENU_00080', '찹살탕수육', '우유,대두,밀,돼지고기,찹쌀',200,'탄수화물 : 24.84g 단백질 : 27.21g 지방 : 16.75g 당류 : 19.08g 나트륨 : 814.66mg 콜레스테롤 : 91.11mg 포화지방산 : 3.19g', '49c4c68f315e4ca082a0e248a8c02887.png'
);

INSERT
  INTO DM_MENU
(
  MENU_CODE, MENU_NAME, MENU_ALLERGIE, MENU_CALINFO, MENU_NUTRIENT, MENU_ATTACH_NAME
)
VALUES
(
  'MENU_00081', '짜사이채무침', ' ',11,'탄수화물 : 13.62g 단백질 : 3.38g 지방 : 4.22g 당류 : 12.03g 나트륨 : 635.69mg 콜레스테롤 : 9.38mg 포화지방산 : 0.46g 트랜스지방 : 0.01g', '2d096f1b08b34e89b4e80a83693ab1c1.png'
);

INSERT
  INTO DM_MENU
(
  MENU_CODE, MENU_NAME, MENU_ALLERGIE, MENU_CALINFO, MENU_NUTRIENT, MENU_ATTACH_NAME
)
VALUES
(
  'MENU_00082', '망고바', '망고',200,'탄수화물 : 24g  단백질 : 3g 지방 : 3.5g 당류 : 21g 나트륨 : 90mg 포화지방산 : 2.3g', 'ffc146d347d64133812beb7890d1722a.png'
);

INSERT
  INTO DM_MENU
(
  MENU_CODE, MENU_NAME, MENU_ALLERGIE, MENU_CALINFO, MENU_NUTRIENT, MENU_ATTACH_NAME
)
VALUES
(
  'MENU_00083', '베지미트볼토마토파스타', '우유,대두,밀,토마토',750,'탄수화물 : 68.98g 단백질 : 13.44g 지방 : 2.32g 당류 : 11.39g 나트륨 : 714.76mg 포화지방산 : 0.4g', '665bc7c93ec045938d7381e08cef06de.png'
);

INSERT
  INTO DM_MENU
(
  MENU_CODE, MENU_NAME, MENU_ALLERGIE, MENU_CALINFO, MENU_NUTRIENT, MENU_ATTACH_NAME
)
VALUES
(
  'MENU_00084', '양송이스프', '양송이,우유,대두,밀',120,'탄수화물 : 65g 단백질 : 10g 지방 : 10.5g 당류 : 20g 나트륨 : 2500mg 포화지방산 : 5.5g', 'a5008bb4df7e4b969f77a87a6f9e5325.png'
);

INSERT
  INTO DM_MENU
(
  MENU_CODE, MENU_NAME, MENU_ALLERGIE, MENU_CALINFO, MENU_NUTRIENT, MENU_ATTACH_NAME
)
VALUES
(
  'MENU_00085', '베지라따뚜이&바게트', '우유,대두,밀,토마토',170,'단백질 : 2g 탄수화물:17g  당류 : 11g 나트륨 : 315mg 포화지방산 : 4g', 'eb7fd968e0b244c79b2fc29b5bdb9235.png'
);

INSERT
  INTO DM_MENU
(
  MENU_CODE, MENU_NAME, MENU_ALLERGIE, MENU_CALINFO, MENU_NUTRIENT, MENU_ATTACH_NAME
)
VALUES
(
  'MENU_00086', '고구마샐러드', '고구마,대두,밀,',120,'탄수화물 : 212g 단백질 : 11g 지방 : 127g 당류 : 107g 나트륨 : 1980mg 콜레스테롤 : 40mg 포화지방산 : 20g 트랜스지방 : 1.1g', 'ae60024d93294983acafe700bf14d3c1.png'
);

INSERT
  INTO DM_MENU
(
  MENU_CODE, MENU_NAME, MENU_ALLERGIE, MENU_CALINFO, MENU_NUTRIENT, MENU_ATTACH_NAME
)
VALUES
(
  'MENU_00087', '오이피클', '오이',13,'탄수화물 : 25.07g 단백질 : 0.38g 지방 : 0.12g 당류 : 22.69g 나트륨 : 1040mg 포화지방산 : 0.05g', 'a73f3a4c9c2d4efd8cabdd98d0ac2cfd.png'
);

INSERT
  INTO DM_MENU
(
  MENU_CODE, MENU_NAME, MENU_ALLERGIE, MENU_CALINFO, MENU_NUTRIENT, MENU_ATTACH_NAME
)
VALUES
(
  'MENU_00088', '강황밥&레드커리', '우유,대두,밀,토마토',130,'탄수화물 : 75g 단백질 : 15g 지방 : 25g 당류 : 15g 나트륨 : 1300mg 콜레스테롤 : 30mg 포화지방산 : 14g 트랜스지방 : 0.3g', 'b9a42ebc060c44a894249b68e906bf58.png'
);

INSERT
  INTO DM_MENU
(
  MENU_CODE, MENU_NAME, MENU_ALLERGIE, MENU_CALINFO, MENU_NUTRIENT, MENU_ATTACH_NAME
)
VALUES
(
  'MENU_00089', '키위라씨', '키위',88,'탄수화물 : 38.25g 단백질 : 2.25g 당류 : 24.23g 나트륨 : 33.75mg', '69542e3a825b460faa6ec45b5070138d.png'
);

INSERT
  INTO DM_MENU
(
  MENU_CODE, MENU_NAME, MENU_ALLERGIE, MENU_CALINFO, MENU_NUTRIENT, MENU_ATTACH_NAME
)
VALUES
(
  'MENU_00090', '탄두리치킨', '닭고기,우유,대두,밀',170,'단백질 : 28g 당류 : 6g 나트륨 : 783mg 포화지방산 : 6g', '89797c4bb2f0429c9eb2b4c2776b73d4.png'
);

INSERT
  INTO DM_MENU
(
  MENU_CODE, MENU_NAME, MENU_ALLERGIE, MENU_CALINFO, MENU_NUTRIENT, MENU_ATTACH_NAME
)
VALUES
(
  'MENU_00091', '갈릭난', '우유,대두,밀',150,'탄수화물 : 43g 단백질 : 7g 지방 : 3g 당류 : 43g 나트륨 : 400mg 포화지방산 : 1g', '7422d710525343e3895232ed44d9ea20.png'
);

INSERT
  INTO DM_MENU
(
  MENU_CODE, MENU_NAME, MENU_ALLERGIE, MENU_CALINFO, MENU_NUTRIENT, MENU_ATTACH_NAME
)
VALUES
(
  'MENU_00092', '수제 피클', '오이',20,'단백질 : 1g 당류 : 17g 나트륨 : 476mg', '30e0a7ffbdd542b999946f4ead8a57be.png'
);

INSERT
  INTO DM_MENU
(
  MENU_CODE, MENU_NAME, MENU_ALLERGIE, MENU_CALINFO, MENU_NUTRIENT, MENU_ATTACH_NAME
)
VALUES
(
  'MENU_00093', '베트남식 분짜', '우유,대두,밀,토마토',650,'탄수화물 : 89g 단백질 : 19g 지방 : 23g 당류 : 54g 나트륨 : 2260mg 콜레스테롤 : 135mg 포화지방산 : 4.4g', '5466724e39c9445685ff08d4b7fb0885.png'
);

INSERT
  INTO DM_MENU
(
  MENU_CODE, MENU_NAME, MENU_ALLERGIE, MENU_CALINFO, MENU_NUTRIENT, MENU_ATTACH_NAME
)
VALUES
(
  'MENU_00094', '파일애플볶음밥', '파인애플',630,'탄수화물 : 53g 단백질 : 12g 지방 : 1.4g 당류 : 4g 나트륨 : 714mg 콜레스테롤 : 15mg', 'e27900545fdb4fa7a2556f62d53aac10.png'
);

INSERT
  INTO DM_MENU
(
  MENU_CODE, MENU_NAME, MENU_ALLERGIE, MENU_CALINFO, MENU_NUTRIENT, MENU_ATTACH_NAME
)
VALUES
(
  'MENU_00095', '채소춘권', '우유,대두,밀',430,'탄수화물 : 32.8g 단백질 : 4.3g 지방 : 2.8g 당류 : 0.7g 나트륨 : 246.3mg 포화지방산 : 0.9g', '27c6df3c0b5b4d83b5b96adfca4e052b.png'
);

INSERT
  INTO DM_MENU
(
  MENU_CODE, MENU_NAME, MENU_ALLERGIE, MENU_CALINFO, MENU_NUTRIENT, MENU_ATTACH_NAME
)
VALUES
(
  'MENU_00096', '양파초절임', '양파',50,'탄수화물 : 3.1g 단백질 : 0.54g 지방 : 0.03g 당류 : 1.48g 나트륨 : 400mg 포화지방산 : 0.01g', 'b593cd9c19374c8e8ff3a6b9f21c0872.png'
);

INSERT
  INTO DM_MENU
(
  MENU_CODE, MENU_NAME, MENU_ALLERGIE, MENU_CALINFO, MENU_NUTRIENT, MENU_ATTACH_NAME
)
VALUES
(
  'MENU_00098', '하와이안로코모코', '쇠고기, 닭고기, 우유,대두,밀',690,'탄수화물 : 90.11g 단백질 : 33.08g 지방 : 19.86g 당류 : 26.48g 나트륨 : 1018.12mg 포화지방산 : 9.17g', 'c30da6b6b62e4fe49fd4009247ffdfd8.png'
);

INSERT
  INTO DM_MENU
(
  MENU_CODE, MENU_NAME, MENU_ALLERGIE, MENU_CALINFO, MENU_NUTRIENT, MENU_ATTACH_NAME
)
VALUES
(
  'MENU_00100', '코코넛새우튀김&칠리소스', '새우,우유,대두,밀,고추',340,'탄수화물 : 28.44g 단백질 : 25.52g 지방 : 23.84g 당류 : 0.13g 나트륨 : 728.56mg 콜레스테롤 : 160.8mg 포화지방산 : 4.08g 트랜스지방 : 0.25g', '8b67d3c0582a4e148f5b836cdf46c10e.png'
);

INSERT
  INTO DM_MENU
(
  MENU_CODE, MENU_NAME, MENU_ALLERGIE, MENU_CALINFO, MENU_NUTRIENT, MENU_ATTACH_NAME
)
VALUES
(
  'MENU_00101', '콥샐러드', '옥수수,대두,우유',140,'탄수화물 : 2.32g 단백질 : 2.44g 지방 : 10.95g 당류 : 0.96g 나트륨 : 120.99mg 콜레스테롤 : 12.7mg 포화지방산 : 7.63g', '59ee459db553456abbefdd09c17d5670.png'
);

INSERT
  INTO DM_MENU
(
  MENU_CODE, MENU_NAME, MENU_ALLERGIE, MENU_CALINFO, MENU_NUTRIENT, MENU_ATTACH_NAME
)
VALUES
(
  'MENU_00102', '사우어크라우트', '우유',179,'단백질 : 2g 당류 : 1g 포화지방산 : 1.3g', '387eab7e6d4a406f9bb4bbd250844b83.png'
);

INSERT
  INTO DM_MENU
(
  MENU_CODE, MENU_NAME, MENU_ALLERGIE, MENU_CALINFO, MENU_NUTRIENT, MENU_ATTACH_NAME
)
VALUES
(
  'MENU_00103', '참치회덮밥', '참치',650,'단백질 : 4g 당류 : 15g 나트륨 : 380mg 포화지방산 : 6g', 'ddcd39e9426e479ebdcbd48a77b2e0d2.png'
);

INSERT
  INTO DM_MENU
(
  MENU_CODE, MENU_NAME, MENU_ALLERGIE, MENU_CALINFO, MENU_NUTRIENT, MENU_ATTACH_NAME
)
VALUES
(
  'MENU_00104', '미니냉메밀', '메밀,대두,땅콩',440,'탄수화물 : 59g 단백질 : 8g 지방 : 3.8g 당류 : 14g 나트륨 : 1467mg 포화지방산 : 1.7g', '4ad8282e623e40d58d55bd1869b15206.png'
);

INSERT
  INTO DM_MENU
(
  MENU_CODE, MENU_NAME, MENU_ALLERGIE, MENU_CALINFO, MENU_NUTRIENT, MENU_ATTACH_NAME
)
VALUES
(
  'MENU_00105', '모둠채소튀김', '우유,대두,밀',780,'탄수화물 : 36.83g 단백질 : 3.25g 지방 : 27.14g 당류 : 6.37g 나트륨 : 277.85mg  포화지방산 : 4.29g트랜스지방 : 0.24g', 'fafe4a528f0a428ca1e75d82c5c00228.png'
);

INSERT
  INTO DM_MENU
(
  MENU_CODE, MENU_NAME, MENU_ALLERGIE, MENU_CALINFO, MENU_NUTRIENT, MENU_ATTACH_NAME
)
VALUES
(
  'MENU_00106', '연두부찜', ' ',156,'탄수화물 : 1.93g 단백질 : 4.66g 지방 : 2.51g 당류 : 0.74g 나트륨 : 55mg 포화지방산 : 0.36g', '0e69a1940f4a4f9fa39f7a809a55e20b.png'
);

INSERT
  INTO DM_MENU
(
  MENU_CODE, MENU_NAME, MENU_ALLERGIE, MENU_CALINFO, MENU_NUTRIENT, MENU_ATTACH_NAME
)
VALUES
(
  'MENU_00107', '꼬들단무지', ' ',40,'탄수화물 : 0.72g 단백질 : 0.1g 지방 : 0.06g 당류 : 0.14g 나트륨 : 165.55mg 포화지방산 : 0.01g', '29a8ebc9a6c64e5a8cc0c0de9e8465e1.png'
);

INSERT
  INTO DM_MENU
(
  MENU_CODE, MENU_NAME, MENU_ALLERGIE, MENU_CALINFO, MENU_NUTRIENT, MENU_ATTACH_NAME
)
VALUES
(
  'MENU_00108', '해초라이스', '해초',550,'탄수화물 : 8.52g 단백질 : 0.95g 지방 : 0.16g 당류 : 3.95g 나트륨 : 862.21mg 포화지방산 : 0.06g', '0368eeb09d7748e996db168fa80dc307.png'
);

INSERT
  INTO DM_MENU
(
  MENU_CODE, MENU_NAME, MENU_ALLERGIE, MENU_CALINFO, MENU_NUTRIENT, MENU_ATTACH_NAME
)
VALUES
(
  'MENU_00109', '곤약귀리볶음밥', '계란',520,'탄수화물 : 26g 단백질 : 3g 지방 : 5g 나트륨 : 315mg 포화지방산 : 1.9g', '39c3a691e1ab44e09ec3669ba451cbb2.png'
);

INSERT
  INTO DM_MENU
(
  MENU_CODE, MENU_NAME, MENU_ALLERGIE, MENU_CALINFO, MENU_NUTRIENT, MENU_ATTACH_NAME
)
VALUES
(
  'MENU_00110', '훈제오리', '오리',820,'탄수화물 : 9g 단백질 : 140g 지방 : 136g 당류 : 9g 나트륨 : 3780mg 콜레스테롤 : 830mg 포화지방산 : 38g 트랜스지방 : 0.5g', 'c186ef0692d14f2fb629ee9d92cede4d.png'
);

INSERT
  INTO DM_MENU
(
  MENU_CODE, MENU_NAME, MENU_ALLERGIE, MENU_CALINFO, MENU_NUTRIENT, MENU_ATTACH_NAME
)
VALUES
(
  'MENU_00111', '참치아보카도계란비빔밥', '계란,참치,아보카도',670,'탄수화물 : 23g 단백질 : 4g 지방 : 3.7g 나트륨 : 267mg', '6ed6747663a34251b36e956379c0cf4f.png'
);

INSERT
  INTO DM_MENU
(
  MENU_CODE, MENU_NAME, MENU_ALLERGIE, MENU_CALINFO, MENU_NUTRIENT, MENU_ATTACH_NAME
)
VALUES
(
  'MENU_00112', '에그베이컨 치아바타', '우유,밀,계란,대두',660,'탄수화물 : 40g 단백질 : 10g 당류 : 2g 나트륨 : 230mg', 'ac41929af27f494bb3626c514da1fa69.png'
);

INSERT
  INTO DM_MENU
(
  MENU_CODE, MENU_NAME, MENU_ALLERGIE, MENU_CALINFO, MENU_NUTRIENT, MENU_ATTACH_NAME
)
VALUES
(
  'MENU_00113', '커피', ' ',20,'탄수화물 : 21g 단백질 : 5g 지방 : 18g 당류 : 12.7g 나트륨 : 85mg', 'eaa0450dd4ff4f2cb0c54c89765916d0.png'
);

INSERT
  INTO DM_MENU
(
  MENU_CODE, MENU_NAME, MENU_ALLERGIE, MENU_CALINFO, MENU_NUTRIENT, MENU_ATTACH_NAME
)
VALUES
(
  'MENU_00114', '에그반쎄오', '계란,우유,대두,밀',340,'탄수화물 : 42.88g 단백질 : 7.35g 지방 : 26.55g 당류 : 25.66g 나트륨 : 766.41mg 콜레스테롤 : 11.56mg 포화지방산 : 5.19g 트랜스지방 : 0.1g', '9191ff430cc74c76911cca458b4dc496.png'
);

INSERT
  INTO DM_MENU
(
  MENU_CODE, MENU_NAME, MENU_ALLERGIE, MENU_CALINFO, MENU_NUTRIENT, MENU_ATTACH_NAME
)
VALUES
(
  'MENU_00115', '함박스테이크&로제펜네소스', '소고기,우유,대두,밀',850,'탄수화물 : 36g 단백질 : 31g 지방 : 16g 당류 : 8g 나트륨 : 1076mg 콜레스테롤 : 139mg 포화지방산 : 5g', '97c66d7852f241c7baa980cf38f4eb69.png'
);

INSERT
  INTO DM_MENU
(
  MENU_CODE, MENU_NAME, MENU_ALLERGIE, MENU_CALINFO, MENU_NUTRIENT, MENU_ATTACH_NAME
)
VALUES
(
  'MENU_00116', '김치볶음밥', ' ',860,'탄수화물 : 50g 단백질 : 8g 지방 : 8g 당류 : 5g 나트륨 : 759mg 콜레스테롤 : 6mg 포화지방산 : 1.9g', 'e34fe3410e91481bb7687057ac4b9ae8.png'
);

INSERT
  INTO DM_MENU
(
  MENU_CODE, MENU_NAME, MENU_ALLERGIE, MENU_CALINFO, MENU_NUTRIENT, MENU_ATTACH_NAME
)
VALUES
(
  'MENU_00118', '피쉬앤칩스', '생선,우유,대두,밀',890,'탄수화물 : 46.56g 단백질 : 24.33g 지방 : 41.1g 당류 : 1.96g 나트륨 : 788.62mg 콜레스테롤 : 72.72mg 포화지방산 : 7.96g 트랜스지방 : 0.25g', '0c957697d16046d2af0b99324dfa36fc.png'
);

INSERT
  INTO DM_MENU
(
  MENU_CODE, MENU_NAME, MENU_ALLERGIE, MENU_CALINFO, MENU_NUTRIENT, MENU_ATTACH_NAME
)
VALUES
(
  'MENU_00120', '돈목살김치찌개', '돼지고기',780,'탄수화물 : 10g 단백질 : 51g 지방 : 27g 당류 : 6g 나트륨 : 2464mg 콜레스테롤 : 94mg 포화지방산 : 8g', '442ae5812d374478a4653114ecdf6230.png'
);

INSERT
  INTO DM_MENU
(
  MENU_CODE, MENU_NAME, MENU_ALLERGIE, MENU_CALINFO, MENU_NUTRIENT, MENU_ATTACH_NAME
)
VALUES
(
  'MENU_00122', '너비아니조림', '소고기,돼지고기',550,'탄수화물 : 32g 단백질 : 6g 지방 : 4.2g 당류 : 2g 나트륨 : 472mg 콜레스테롤 : 9mg 포화지방산 : 1.5g', '70288caf4a3643c9a5fb9eb69391d0ed.png'
);

INSERT
  INTO DM_MENU
(
  MENU_CODE, MENU_NAME, MENU_ALLERGIE, MENU_CALINFO, MENU_NUTRIENT, MENU_ATTACH_NAME
)
VALUES
(
  'MENU_00123', '콘스크럼블에그', '옥수수,계란,대두',430,'단백질 : 13g 당류 : 7g 포화지방산 : 5g', 'e7278be04ee84cb882d252ef597504ff.png'
);

INSERT
  INTO DM_MENU
(
  MENU_CODE, MENU_NAME, MENU_ALLERGIE, MENU_CALINFO, MENU_NUTRIENT, MENU_ATTACH_NAME
)
VALUES
(
  'MENU_00125', '돼지고기두반장볶음', '돼지고기,대두,밀',670,'탄수화물 : 18.21g 단백질 : 22.96g 지방 : 20.67g 당류 : 8.2g 나트륨 : 1051.76mg 콜레스테롤 : 57.87mg 포화지방산 : 5.12g 트랜스지방 : 0.15g', 'beb10b271e4f473abf5364e38532918f.png'
);

INSERT
  INTO DM_MENU
(
  MENU_CODE, MENU_NAME, MENU_ALLERGIE, MENU_CALINFO, MENU_NUTRIENT, MENU_ATTACH_NAME
)
VALUES
(
  'MENU_00127', '조랭이떡국', '밀',440,'탄수화물 : 114.57g 단백질 : 24.01g 지방 : 3.74g 당류 : 0.57g 나트륨 : 1234.05mg 콜레스테롤 : 116.91mg 포화지방산 : 1.65g', '55610f5aa79e46f5bc59d2fc224f6f3e.png'
);

INSERT
  INTO DM_MENU
(
  MENU_CODE, MENU_NAME, MENU_ALLERGIE, MENU_CALINFO, MENU_NUTRIENT, MENU_ATTACH_NAME
)
VALUES
(
  'MENU_00128', '곤약게맛살조림', '곤약,게,대두,밀',540,'탄수화물 : 8.78g 단백질 : 0.64g 지방 : 0.01g 나트륨 : 305mg', 'c735582409ed4d0faba5c3d1ee1a6f9c.png'
);

INSERT
  INTO DM_MENU
(
  MENU_CODE, MENU_NAME, MENU_ALLERGIE, MENU_CALINFO, MENU_NUTRIENT, MENU_ATTACH_NAME
)
VALUES
(
  'MENU_00129', '콩나물파절이', '콩나물',45,'탄수화물 : 1.6g 단백질 : 1.93g 지방 : 2.27g 당류 : 0.25g 나트륨 : 193.59mg 포화지방산 : 0.24g', '9f57e78a3d4a41c7a60ad602cb347499.png'
);

INSERT
  INTO DM_MENU
(
  MENU_CODE, MENU_NAME, MENU_ALLERGIE, MENU_CALINFO, MENU_NUTRIENT, MENU_ATTACH_NAME
)
VALUES
(
  'MENU_00131', '보리밥', ' ',150,'탄수화물 : 73.54g 단백질 : 5.8g 지방 : 0.48g 당류 : 5.14g 나트륨 : 7.85mg포화지방산 : 0.2g', 'dd0e96ffe6f540c8ad976e2230fe3b28.png'
);

INSERT
  INTO DM_MENU
(
  MENU_CODE, MENU_NAME, MENU_ALLERGIE, MENU_CALINFO, MENU_NUTRIENT, MENU_ATTACH_NAME
)
VALUES
(
  'MENU_00132', '그릴치킨', '닭고기',770,'탄수화물 : 4g 단백질 : 18g 지방 : 1.1g 당류 : 0.7g 나트륨 : 560mg 콜레스테롤 : 25mg', '990f70a1370644b59c6df2d59ad94766.png'
);

INSERT
  INTO DM_MENU
(
  MENU_CODE, MENU_NAME, MENU_ALLERGIE, MENU_CALINFO, MENU_NUTRIENT, MENU_ATTACH_NAME
)
VALUES
(
  'MENU_00133', '제육생채소비빔밥', '돼지고기',720,'탄수화물 : 84.76g 단백질 : 30.89g 지방 : 19.44g 당류 : 0.22g 나트륨 : 1041.85mg 콜레스테롤 : 190.18mg 포화지방산 : 4.29g 트랜스지방 : 0.26g', '52d96a8dae704294a7bfe217994f8297.png'
);

INSERT
  INTO DM_MENU
(
  MENU_CODE, MENU_NAME, MENU_ALLERGIE, MENU_CALINFO, MENU_NUTRIENT, MENU_ATTACH_NAME
)
VALUES
(
  'MENU_00134', '두부맑은국', '대두',200,'탄수화물 : 5g 단백질 : 2g 지방 : 2.3g 당류 : 2g 나트륨 : 62mg', 'ae081bf553784cbe990591e6bbc9aa71.png'
);

INSERT
  INTO DM_MENU
(
  MENU_CODE, MENU_NAME, MENU_ALLERGIE, MENU_CALINFO, MENU_NUTRIENT, MENU_ATTACH_NAME
)
VALUES
(
  'MENU_00135', '오징어김치전', '오징어,우유,밀,대두',390,'탄수화물 : 28.51g 단백질 : 7.58g 지방 : 6.3g 당류 : 6.32g 나트륨 : 360.13mg 콜레스테롤 : 82.36mg 포화지방산 : 1.3g 트랜스지방 : 0.06g', '3876d67b493e4592929a83adb4d63ed8.png'
);

INSERT
  INTO DM_MENU
(
  MENU_CODE, MENU_NAME, MENU_ALLERGIE, MENU_CALINFO, MENU_NUTRIENT, MENU_ATTACH_NAME
)
VALUES
(
  'MENU_00136', '쇠고기죽순볶음', '소고기,죽순,대두',770,'탄수화물 : 8.69g 단백질 : 31.46g 지방 : 12.86g 당류 : 4.77g 나트륨 : 492.5mg 콜레스테롤 : 71.24mg 포화지방산 : 4.87g 트랜스지방 : 0.29g', '34103a890863453abe6dce2020e467af.png'
);

INSERT
  INTO DM_MENU
(
  MENU_CODE, MENU_NAME, MENU_ALLERGIE, MENU_CALINFO, MENU_NUTRIENT, MENU_ATTACH_NAME
)
VALUES
(
  'MENU_00138', '쇠고기만두전골', '소고기,대두,밀,우유',770,'탄수화물 : 89g 단백질 : 49g 지방 : 59g 당류 : 14g 나트륨 : 4380mg 콜레스테롤 : 123mg 포화지방산 : 22g', '22f0d7a6d1e24d5ca486499342afcd19.png'
);

INSERT
  INTO DM_MENU
(
  MENU_CODE, MENU_NAME, MENU_ALLERGIE, MENU_CALINFO, MENU_NUTRIENT, MENU_ATTACH_NAME
)
VALUES
(
  'MENU_00140', '순대채소볶음', '밀,당면,대두',710,'탄수화물 : 79g 단백질 : 6g 지방 : 8g 당류 : 10g 나트륨 : 1480mg포화지방산 : 1.6g', 'd4ecc912b32b4bc69f5ed5f538d5bdab.png'
);

INSERT
  INTO DM_MENU
(
  MENU_CODE, MENU_NAME, MENU_ALLERGIE, MENU_CALINFO, MENU_NUTRIENT, MENU_ATTACH_NAME
)
VALUES
(
  'MENU_00141', '알감자조림', '감자,대두',310,'탄수화물 : 9.05g 단백질 : 1.2g 지방 : 1.76g 당류 : 3.84g 나트륨 : 243.52mg 포화지방산 : 0.21g 트랜스지방 : 0.01g', '35c2a7a444614101991cd8deddb797fc.png'
);

INSERT
  INTO DM_MENU
(
  MENU_CODE, MENU_NAME, MENU_ALLERGIE, MENU_CALINFO, MENU_NUTRIENT, MENU_ATTACH_NAME
)
VALUES
(
  'MENU_00142', '건파래볶음', '대두,파래',20,'당류 : 4g 나트륨 : 636mg', 'fa9f807c4e6247e881755da1b979599e.png'
);

INSERT
  INTO DM_MENU
(
  MENU_CODE, MENU_NAME, MENU_ALLERGIE, MENU_CALINFO, MENU_NUTRIENT, MENU_ATTACH_NAME
)
VALUES
(
  'MENU_00144', '브로콜리스프&크루통', '계란,새우,브로콜리,밀',600,'탄수화물44g,지방48g,단백질13g', 'fcc3a77a1ada487b9ee7813dbfd9a7ab.jpg'
);

INSERT
  INTO DM_MENU
(
  MENU_CODE, MENU_NAME, MENU_ALLERGIE, MENU_CALINFO, MENU_NUTRIENT, MENU_ATTACH_NAME
)
VALUES
(
  'MENU_00145', '키위주스', '키위,우유',300,'탄수화물76g,지방134g,단백질9g', '5da78b7ed203475bbcc4acc4d24034fb.jpg'
);

INSERT
  INTO DM_MENU
(
  MENU_CODE, MENU_NAME, MENU_ALLERGIE, MENU_CALINFO, MENU_NUTRIENT, MENU_ATTACH_NAME
)
VALUES
(
  'MENU_00146', '바게트빵', '계란,밀',200,'탄수화물42g,지방66g,단백질13g', 'ce1a6d33b2c64eab85cd78fd2e369d3c.jpg'
);

INSERT
  INTO DM_MENU
(
  MENU_CODE, MENU_NAME, MENU_ALLERGIE, MENU_CALINFO, MENU_NUTRIENT, MENU_ATTACH_NAME
)
VALUES
(
  'MENU_00147', '훈제연어샐러드', '계란,연어',400,'탄수화물35g,지방44g,단백질14g', 'f03d9f6591fa4c30b7f35afef39173dd.jpg'
);

INSERT
  INTO DM_MENU
(
  MENU_CODE, MENU_NAME, MENU_ALLERGIE, MENU_CALINFO, MENU_NUTRIENT, MENU_ATTACH_NAME
)
VALUES
(
  'MENU_00148', '케이퍼', '겨자',300,'탄수화물73g,지방146g,단백질9g', '231fe5a511664645a7c90090e3e99581.jpg'
);

INSERT
  INTO DM_MENU
(
  MENU_CODE, MENU_NAME, MENU_ALLERGIE, MENU_CALINFO, MENU_NUTRIENT, MENU_ATTACH_NAME
)
VALUES
(
  'MENU_00149', '삼계죽', '닭',800,'탄수화물20g,지방106g,단백질5g', 'e7ca779fc87d41e2878c0833305b19a3.jpg'
);

INSERT
  INTO DM_MENU
(
  MENU_CODE, MENU_NAME, MENU_ALLERGIE, MENU_CALINFO, MENU_NUTRIENT, MENU_ATTACH_NAME
)
VALUES
(
  'MENU_00150', '오이소박이', '오이,새우',400,'탄수화물90g,지방73g,단백질6g', '1aeb9d07baaf43f19d6a0f7995240f58.jpg'
);

INSERT
  INTO DM_MENU
(
  MENU_CODE, MENU_NAME, MENU_ALLERGIE, MENU_CALINFO, MENU_NUTRIENT, MENU_ATTACH_NAME
)
VALUES
(
  'MENU_00151', '사과즙', '사과',150,'탄수화물64g,지방107g,단백질4g', '4fe9ebe4a5204a1cadaf9474a54d2659.jpg'
);

INSERT
  INTO DM_MENU
(
  MENU_CODE, MENU_NAME, MENU_ALLERGIE, MENU_CALINFO, MENU_NUTRIENT, MENU_ATTACH_NAME
)
VALUES
(
  'MENU_00152', '토마토카프레제', '토마토',400,'탄수화물61g,지방128g,단백질14g', '7694d2f710bb4564974c053c30247032.jpg'
);

INSERT
  INTO DM_MENU
(
  MENU_CODE, MENU_NAME, MENU_ALLERGIE, MENU_CALINFO, MENU_NUTRIENT, MENU_ATTACH_NAME
)
VALUES
(
  'MENU_00153', '모듬견과류', '잣,대두,땅콩',200,'탄수화물89g,지방30g,단백질19g', '3cd689be62bd49638d17ac7939f28688.jpg'
);

INSERT
  INTO DM_MENU
(
  MENU_CODE, MENU_NAME, MENU_ALLERGIE, MENU_CALINFO, MENU_NUTRIENT, MENU_ATTACH_NAME
)
VALUES
(
  'MENU_00154', '호밀빵', '밀,우유',400,'탄수화물72g,지방86g,단백질16g', 'a66c893979a2444e8ccaf512db7b19a8.jpg'
);

INSERT
  INTO DM_MENU
(
  MENU_CODE, MENU_NAME, MENU_ALLERGIE, MENU_CALINFO, MENU_NUTRIENT, MENU_ATTACH_NAME
)
VALUES
(
  'MENU_00155', '두부스테이크', '두부,우유',600,'탄수화물94g,지방122g,단백질15g', '1cc091e73d4a4d4a90068bd7915f61bf.jpg'
);

INSERT
  INTO DM_MENU
(
  MENU_CODE, MENU_NAME, MENU_ALLERGIE, MENU_CALINFO, MENU_NUTRIENT, MENU_ATTACH_NAME
)
VALUES
(
  'MENU_00156', '닭가슴살볶음밥', '닭,새우',600,'탄수화물18g,지방29g,단백질9g', 'd676dda487d94d5387f6a25d5829a83a.jpg'
);

INSERT
  INTO DM_MENU
(
  MENU_CODE, MENU_NAME, MENU_ALLERGIE, MENU_CALINFO, MENU_NUTRIENT, MENU_ATTACH_NAME
)
VALUES
(
  'MENU_00157', '비트주스', '비트',500,'탄수화물23g,지방23g,단백질12g', '6b405ec0e9d24213adbe9c8b5767931e.jpg'
);

INSERT
  INTO DM_MENU
(
  MENU_CODE, MENU_NAME, MENU_ALLERGIE, MENU_CALINFO, MENU_NUTRIENT, MENU_ATTACH_NAME
)
VALUES
(
  'MENU_00158', '가지볶음', '가지',300,'탄수화물30g,지방73g,단백질18g', '92b28d6ed70842db99278ec47d0b7504.jpg'
);

INSERT
  INTO DM_MENU
(
  MENU_CODE, MENU_NAME, MENU_ALLERGIE, MENU_CALINFO, MENU_NUTRIENT, MENU_ATTACH_NAME
)
VALUES
(
  'MENU_00159', '된장찌개', '새우',500,'탄수화물39g,지방81g,단백질9g', 'ec8fa5f899334daca97a19bc118027bd.jpg'
);

INSERT
  INTO DM_MENU
(
  MENU_CODE, MENU_NAME, MENU_ALLERGIE, MENU_CALINFO, MENU_NUTRIENT, MENU_ATTACH_NAME
)
VALUES
(
  'MENU_00161', '동그랑땡', '계란,새우',500,'탄수화물40g,지방93g,단백질10g', '4fb9df2a9f5c4a9e90bc71bfef026c24.jpg'
);

INSERT
  INTO DM_MENU
(
  MENU_CODE, MENU_NAME, MENU_ALLERGIE, MENU_CALINFO, MENU_NUTRIENT, MENU_ATTACH_NAME
)
VALUES
(
  'MENU_00162', '치킨아보카도샐러드', '닭,아보카도',650,'탄수화물20g,지방120g,단백질3g', 'b9310acec8af439395675f927b9779e9.jpg'
);

INSERT
  INTO DM_MENU
(
  MENU_CODE, MENU_NAME, MENU_ALLERGIE, MENU_CALINFO, MENU_NUTRIENT, MENU_ATTACH_NAME
)
VALUES
(
  'MENU_00163', '햄계란말이', '계란,돼지고기',500,'탄수화물22g,지방21g,단백질6g', '0b986d375f304a7cb75d7f157b83dd84.jpg'
);

INSERT
  INTO DM_MENU
(
  MENU_CODE, MENU_NAME, MENU_ALLERGIE, MENU_CALINFO, MENU_NUTRIENT, MENU_ATTACH_NAME
)
VALUES
(
  'MENU_00164', '장조림', '돼지고기',450,'탄수화물59g,지방37g,단백질7g', '5a78a6c22e7a4284bbf4eae397d255c8.jpg'
);

INSERT
  INTO DM_MENU
(
  MENU_CODE, MENU_NAME, MENU_ALLERGIE, MENU_CALINFO, MENU_NUTRIENT, MENU_ATTACH_NAME
)
VALUES
(
  'MENU_00165', '매실주스', '매실',300,'탄수화물37g,지방69g,단백질10g', '62d5d15e6b2e42d5aab02af104090ee7.jpg'
);

INSERT
  INTO DM_MENU
(
  MENU_CODE, MENU_NAME, MENU_ALLERGIE, MENU_CALINFO, MENU_NUTRIENT, MENU_ATTACH_NAME
)
VALUES
(
  'MENU_00166', '단호박죽', '단호박,우유',450,'탄수화물52g,지방22g,단백질18g', '62336b4e29a64c6092c5971b60836f3f.jpg'
);

INSERT
  INTO DM_MENU
(
  MENU_CODE, MENU_NAME, MENU_ALLERGIE, MENU_CALINFO, MENU_NUTRIENT, MENU_ATTACH_NAME
)
VALUES
(
  'MENU_00167', '동치미', '무',300,'탄수화물89g,지방67g,단백질19g', '4093ef7c4d344edb99646814fee0c167.jpg'
);

INSERT
  INTO DM_MENU
(
  MENU_CODE, MENU_NAME, MENU_ALLERGIE, MENU_CALINFO, MENU_NUTRIENT, MENU_ATTACH_NAME
)
VALUES
(
  'MENU_00168', '채소비빔밥', '양상추',450,'탄수화물85g,지방118g,단백질12g', '9fc60e6145e3438baad4575bd902574d.jpg'
);

INSERT
  INTO DM_MENU
(
  MENU_CODE, MENU_NAME, MENU_ALLERGIE, MENU_CALINFO, MENU_NUTRIENT, MENU_ATTACH_NAME
)
VALUES
(
  'MENU_00169', '깻잎전', '꺳잎',400,'탄수화물96g,지방45g,단백질7g', '147512963c8f402a811814db4aec83c3.jpg'
);

INSERT
  INTO DM_MENU
(
  MENU_CODE, MENU_NAME, MENU_ALLERGIE, MENU_CALINFO, MENU_NUTRIENT, MENU_ATTACH_NAME
)
VALUES
(
  'MENU_00170', '현미야채영양밥', '쌀',550,'탄수화물10g,지방47g,단백질2g', '3c9138e4a0e8449582d17e9ccf977024.jpg'
);

INSERT
  INTO DM_MENU
(
  MENU_CODE, MENU_NAME, MENU_ALLERGIE, MENU_CALINFO, MENU_NUTRIENT, MENU_ATTACH_NAME
)
VALUES
(
  'MENU_00171', '인도커리&난', '강황,밀,우유',600,'탄수화물89g,지방50g,단백질15g', '23d6b0f2dbb441c79e4db734f770078a.jpg'
);

INSERT
  INTO DM_MENU
(
  MENU_CODE, MENU_NAME, MENU_ALLERGIE, MENU_CALINFO, MENU_NUTRIENT, MENU_ATTACH_NAME
)
VALUES
(
  'MENU_00172', '구운닭날개', '닭',700,'탄수화물49g,지방36g,단백질4g', 'be9d846fc9f04a03881069215e07071b.jpg'
);

INSERT
  INTO DM_MENU
(
  MENU_CODE, MENU_NAME, MENU_ALLERGIE, MENU_CALINFO, MENU_NUTRIENT, MENU_ATTACH_NAME
)
VALUES
(
  'MENU_00173', '오렌지주스', '오렌지',300,'탄수화물58g,지방53g,단백질4g', '7c2ed24b30a24a0082c165f06353f7e1.jpg'
);

INSERT
  INTO DM_MENU
(
  MENU_CODE, MENU_NAME, MENU_ALLERGIE, MENU_CALINFO, MENU_NUTRIENT, MENU_ATTACH_NAME
)
VALUES
(
  'MENU_00174', '간장불고기', '돼지고기',550,'탄수화물21g,지방104g,단백질19g', 'b0856c2ff3e94caeaa1bfe4e87691c83.jpg'
);

INSERT
  INTO DM_MENU
(
  MENU_CODE, MENU_NAME, MENU_ALLERGIE, MENU_CALINFO, MENU_NUTRIENT, MENU_ATTACH_NAME
)
VALUES
(
  'MENU_00175', '시금치무침', '시금치',400,'탄수화물42g,지방109g,단백질16g', '6774b3ee62c54479ba4b32f6204b39ee.jpg'
);

INSERT
  INTO DM_MENU
(
  MENU_CODE, MENU_NAME, MENU_ALLERGIE, MENU_CALINFO, MENU_NUTRIENT, MENU_ATTACH_NAME
)
VALUES
(
  'MENU_00178', '단호박샐러드', '단호박',450,'탄수화물62g,지방135g,단백질6g', '6da2608cd8eb4ebabd535c8a7b949448.jpg'
);

INSERT
  INTO DM_MENU
(
  MENU_CODE, MENU_NAME, MENU_ALLERGIE, MENU_CALINFO, MENU_NUTRIENT, MENU_ATTACH_NAME
)
VALUES
(
  'MENU_00179', '블루베리요거트', '블루베리',250,'탄수화물56g,지방141g,단백질11g', '9ba70761e5f749f0b3f43c012ea16643.jpg'
);

INSERT
  INTO DM_MENU
(
  MENU_CODE, MENU_NAME, MENU_ALLERGIE, MENU_CALINFO, MENU_NUTRIENT, MENU_ATTACH_NAME
)
VALUES
(
  'MENU_00180', '우엉조림', '우엉',400,'탄수화물69g,지방47g,단백질12g', 'b7b4c1ac779e41e0a5f446984b93e72f.jpg'
);

INSERT
  INTO DM_MENU
(
  MENU_CODE, MENU_NAME, MENU_ALLERGIE, MENU_CALINFO, MENU_NUTRIENT, MENU_ATTACH_NAME
)
VALUES
(
  'MENU_00181', '떡갈비', '돼지고기',550,'탄수화물76g,지방138g,단백질19g', 'f409faad56a8490990344aa70baa6d47.jpg'
);

INSERT
  INTO DM_MENU
(
  MENU_CODE, MENU_NAME, MENU_ALLERGIE, MENU_CALINFO, MENU_NUTRIENT, MENU_ATTACH_NAME
)
VALUES
(
  'MENU_00182', '당근주스', '당근',300,'탄수화물75g,지방97g,단백질16g', 'a2efa817429b47689a034ce552243f12.jpg'
);

INSERT
  INTO DM_MENU
(
  MENU_CODE, MENU_NAME, MENU_ALLERGIE, MENU_CALINFO, MENU_NUTRIENT, MENU_ATTACH_NAME
)
VALUES
(
  'MENU_00183', '파스타샐러드', '밀',400,'탄수화물45g,지방140g,단백질20g', 'f7a8ff3e5bad40da8f33d8402a2facb6.jpg'
);

INSERT
  INTO DM_MENU
(
  MENU_CODE, MENU_NAME, MENU_ALLERGIE, MENU_CALINFO, MENU_NUTRIENT, MENU_ATTACH_NAME
)
VALUES
(
  'MENU_00184', '시금치국', '시금치',500,'탄수화물87g,지방126g,단백질18g', 'bc7751d053194a4a98e0733bde32bac3.jpg'
);

INSERT
  INTO DM_MENU
(
  MENU_CODE, MENU_NAME, MENU_ALLERGIE, MENU_CALINFO, MENU_NUTRIENT, MENU_ATTACH_NAME
)
VALUES
(
  'MENU_00185', '볶음김치', '새우',300,'탄수화물45g,지방66g,단백질16g', '849244dea482480a92ccb8e91e50ca45.jpg'
);

INSERT
  INTO DM_MENU
(
  MENU_CODE, MENU_NAME, MENU_ALLERGIE, MENU_CALINFO, MENU_NUTRIENT, MENU_ATTACH_NAME
)
VALUES
(
  'MENU_00186', '나물비빔밥', '새우,고사리',550,'탄수화물68g,지방86g,단백질4g', '27f3aeacb518453bafd0cf4da8c96de9.jpg'
);

INSERT
  INTO DM_MENU
(
  MENU_CODE, MENU_NAME, MENU_ALLERGIE, MENU_CALINFO, MENU_NUTRIENT, MENU_ATTACH_NAME
)
VALUES
(
  'MENU_00188', '봄나물비빔밥', '계란',250,'탄수화물 : 113g, 단백질 : 17g, 지방 : 16g, 당류 : 13g, 나트륨 : 1160mg, 콜레스테롤 : 75mg, 포화지방산 : 3.4g, 트랜스지방 : 0g', '0e19712549f244bd980bd29f5ace2d55.jpg'
);

INSERT
  INTO DM_MENU
(
  MENU_CODE, MENU_NAME, MENU_ALLERGIE, MENU_CALINFO, MENU_NUTRIENT, MENU_ATTACH_NAME
)
VALUES
(
  'MENU_00189', '달걀실파국', '계란',100,'탄수화물 : 2g, 단백질 : 2g, 지방 : 1g, 당류 : 1g, 나트륨 : 55mg, 콜레스테롤 : 40mg, 포화지방산 : 1g, 트랜스지방 : 0g', '84cb34e56aec4ca295674e6412aae44d.jpg'
);

INSERT
  INTO DM_MENU
(
  MENU_CODE, MENU_NAME, MENU_ALLERGIE, MENU_CALINFO, MENU_NUTRIENT, MENU_ATTACH_NAME
)
VALUES
(
  'MENU_00190', '모듬채소튀김', '밀',150,'탄수화물 : 36.83g, 단백질 : 3.25g, 지방 : 27.14g, 당류 : 6.37g, 나트륨 : 277.85mg, 콜레스테롤 : 0mg, 포화지방산 : 4.29g, 트랜스지방 : 0.24g', 'a6747ec6932d4c869614b25337af89af.jpg'
);

INSERT
  INTO DM_MENU
(
  MENU_CODE, MENU_NAME, MENU_ALLERGIE, MENU_CALINFO, MENU_NUTRIENT, MENU_ATTACH_NAME
)
VALUES
(
  'MENU_00192', '현미찰보리밥', '보리',280,'탄수화물 : 1.27g, 단백질 : 0.68g, 지방 : 0.31g, 당류 : 0.95g, 나트륨 : 123.03mg, 콜레스테롤 : 0.4mg, 포화지방산 : 0.02g, 트랜스지방 : 0g', '6145e7da820945a88d2414793364d41f.jpg'
);

INSERT
  INTO DM_MENU
(
  MENU_CODE, MENU_NAME, MENU_ALLERGIE, MENU_CALINFO, MENU_NUTRIENT, MENU_ATTACH_NAME
)
VALUES
(
  'MENU_00193', '시금치된장국', '콩',80,'탄수화물 : 113g, 단백질 : 17g, 지방 : 16g, 당류 : 13g, 나트륨 : 1160mg, 콜레스테롤 : 75mg, 포화지방산 : 3.4g, 트랜스지방 : 0g', 'a97a33478ecc4465af350e0bc560fe2b.jpg'
);

INSERT
  INTO DM_MENU
(
  MENU_CODE, MENU_NAME, MENU_ALLERGIE, MENU_CALINFO, MENU_NUTRIENT, MENU_ATTACH_NAME
)
VALUES
(
  'MENU_00194', '우엉어묵볶음', '우엉',100,'탄수화물 : 2g, 단백질 : 2g, 지방 : 1g, 당류 : 1g, 나트륨 : 55mg, 콜레스테롤 : 40mg, 포화지방산 : 1g, 트랜스지방 : 0g', 'fc6fa34f53074087a8102506eeb5db6d.jpg'
);

INSERT
  INTO DM_MENU
(
  MENU_CODE, MENU_NAME, MENU_ALLERGIE, MENU_CALINFO, MENU_NUTRIENT, MENU_ATTACH_NAME
)
VALUES
(
  'MENU_00195', '두부꾹강정', '두부',300,'탄수화물 : 36.83g, 단백질 : 3.25g, 지방 : 27.14g, 당류 : 6.37g, 나트륨 : 277.85mg, 콜레스테롤 : 0mg, 포화지방산 : 4.29g, 트랜스지방 : 0.24g', '67f98ac67b1944ba80c9532e99b14e96.jpg'
);

INSERT
  INTO DM_MENU
(
  MENU_CODE, MENU_NAME, MENU_ALLERGIE, MENU_CALINFO, MENU_NUTRIENT, MENU_ATTACH_NAME
)
VALUES
(
  'MENU_00196', '감자밥', '감자',150,'탄수화물 : 1.27g, 단백질 : 0.68g, 지방 : 0.31g, 당류 : 0.95g, 나트륨 : 123.03mg, 콜레스테롤 : 0.4mg, 포화지방산 : 0.02g, 트랜스지방 : 0g', '77b8624491f54a0b9a93eb474c549394.jpg'
);

INSERT
  INTO DM_MENU
(
  MENU_CODE, MENU_NAME, MENU_ALLERGIE, MENU_CALINFO, MENU_NUTRIENT, MENU_ATTACH_NAME
)
VALUES
(
  'MENU_00197', '쇠고기미역국', '소',100,'탄수화물 : 1.27g, 단백질 : 0.68g, 지방 : 0.31g, 당류 : 0.95g, 나트륨 : 123.03mg, 콜레스테롤 : 0.4mg, 포화지방산 : 0.02g, 트랜스지방 : 0g', 'e9cafacb3f2942e2b8de3db7b1bc3784.jpg'
);

INSERT
  INTO DM_MENU
(
  MENU_CODE, MENU_NAME, MENU_ALLERGIE, MENU_CALINFO, MENU_NUTRIENT, MENU_ATTACH_NAME
)
VALUES
(
  'MENU_00198', '돼지고기간장볶음', '돼지',50,'탄수화물 : 113g, 단백질 : 17g, 지방 : 16g, 당류 : 13g, 나트륨 : 1160mg, 콜레스테롤 : 75mg, 포화지방산 : 3.4g, 트랜스지방 : 0g', '3019eb8682d54781ae8264981ca9ad3e.jpg'
);

INSERT
  INTO DM_MENU
(
  MENU_CODE, MENU_NAME, MENU_ALLERGIE, MENU_CALINFO, MENU_NUTRIENT, MENU_ATTACH_NAME
)
VALUES
(
  'MENU_00199', '양배추쌈&쌈장', '양배추',250,'탄수화물 : 2g, 단백질 : 2g, 지방 : 1g, 당류 : 1g, 나트륨 : 55mg, 콜레스테롤 : 40mg, 포화지방산 : 1g, 트랜스지방 : 0g', '150729b2578b4182aa934064ee2a30e3.jpg'
);

INSERT
  INTO DM_MENU
(
  MENU_CODE, MENU_NAME, MENU_ALLERGIE, MENU_CALINFO, MENU_NUTRIENT, MENU_ATTACH_NAME
)
VALUES
(
  'MENU_00200', '산나물비빔밥', '계란',100,'탄수화물 : 113g, 단백질 : 17g, 지방 : 16g, 당류 : 13g, 나트륨 : 1160mg, 콜레스테롤 : 75mg, 포화지방산 : 3.4g, 트랜스지방 : 0g', '095897f18dae4301a02016c3ff3fe3c0.jpg'
);

INSERT
  INTO DM_MENU
(
  MENU_CODE, MENU_NAME, MENU_ALLERGIE, MENU_CALINFO, MENU_NUTRIENT, MENU_ATTACH_NAME
)
VALUES
(
  'MENU_00201', '북어미역국', '미역',150,'탄수화물 : 2g, 단백질 : 2g, 지방 : 1g, 당류 : 1g, 나트륨 : 55mg, 콜레스테롤 : 40mg, 포화지방산 : 1g, 트랜스지방 : 0g', '68e4e2dba9fd4e56b9e954319812514a.jpg'
);

INSERT
  INTO DM_MENU
(
  MENU_CODE, MENU_NAME, MENU_ALLERGIE, MENU_CALINFO, MENU_NUTRIENT, MENU_ATTACH_NAME
)
VALUES
(
  'MENU_00202', '닭갈비', '닭',80,'탄수화물 : 36.83g, 단백질 : 3.25g, 지방 : 27.14g, 당류 : 6.37g, 나트륨 : 277.85mg, 콜레스테롤 : 0mg, 포화지방산 : 4.29g, 트랜스지방 : 0.24g', 'c5acd0ca309d4809a8cebca9474dc041.jpg'
);

INSERT
  INTO DM_MENU
(
  MENU_CODE, MENU_NAME, MENU_ALLERGIE, MENU_CALINFO, MENU_NUTRIENT, MENU_ATTACH_NAME
)
VALUES
(
  'MENU_00203', '햇양파무침', '새우',150,'탄수화물 : 1.27g, 단백질 : 0.68g, 지방 : 0.31g, 당류 : 0.95g, 나트륨 : 123.03mg, 콜레스테롤 : 0.4mg, 포화지방산 : 0.02g, 트랜스지방 : 0g', 'bfeeb131fa554a83b8a383dd85f220ac.jpg'
);

INSERT
  INTO DM_MENU
(
  MENU_CODE, MENU_NAME, MENU_ALLERGIE, MENU_CALINFO, MENU_NUTRIENT, MENU_ATTACH_NAME
)
VALUES
(
  'MENU_00205', '건새우시금치국', '새우',100,'탄수화물 : 113g, 단백질 : 17g, 지방 : 16g, 당류 : 13g, 나트륨 : 1160mg, 콜레스테롤 : 75mg, 포화지방산 : 3.4g, 트랜스지방 : 0g', 'b5bd8dade7a7457e92caf878d77be75c.jpg'
);

INSERT
  INTO DM_MENU
(
  MENU_CODE, MENU_NAME, MENU_ALLERGIE, MENU_CALINFO, MENU_NUTRIENT, MENU_ATTACH_NAME
)
VALUES
(
  'MENU_00206', '모듬버섯양배추볶음', '버섯',290,'탄수화물 : 2g, 단백질 : 2g, 지방 : 1g, 당류 : 1g, 나트륨 : 55mg, 콜레스테롤 : 40mg, 포화지방산 : 1g, 트랜스지방 : 0g', 'd5b005916d754289a239ce29418d11a9.jpg'
);

INSERT
  INTO DM_MENU
(
  MENU_CODE, MENU_NAME, MENU_ALLERGIE, MENU_CALINFO, MENU_NUTRIENT, MENU_ATTACH_NAME
)
VALUES
(
  'MENU_00207', '깻잎지', '닭',140,'탄수화물 : 36.83g, 단백질 : 3.25g, 지방 : 27.14g, 당류 : 6.37g, 나트륨 : 277.85mg, 콜레스테롤 : 0mg, 포화지방산 : 4.29g, 트랜스지방 : 0.24g', '5a153611f27c47c6b485c7b8b07bfecf.jpg'
);

INSERT
  INTO DM_MENU
(
  MENU_CODE, MENU_NAME, MENU_ALLERGIE, MENU_CALINFO, MENU_NUTRIENT, MENU_ATTACH_NAME
)
VALUES
(
  'MENU_00208', '울타리콩찰밥', '콩',100,'탄수화물 : 1.27g, 단백질 : 0.68g, 지방 : 0.31g, 당류 : 0.95g, 나트륨 : 123.03mg, 콜레스테롤 : 0.4mg, 포화지방산 : 0.02g, 트랜스지방 : 0g', '0d1d02788065445b8ad1f6eb7e8eb2df.jpg'
);

INSERT
  INTO DM_MENU
(
  MENU_CODE, MENU_NAME, MENU_ALLERGIE, MENU_CALINFO, MENU_NUTRIENT, MENU_ATTACH_NAME
)
VALUES
(
  'MENU_00209', '닭살미역국', '닭',80,'탄수화물 : 1.27g, 단백질 : 0.68g, 지방 : 0.31g, 당류 : 0.95g, 나트륨 : 123.03mg, 콜레스테롤 : 0.4mg, 포화지방산 : 0.02g, 트랜스지방 : 0g', '57ab312e52534ba9808809b85a81a488.jpg'
);

INSERT
  INTO DM_MENU
(
  MENU_CODE, MENU_NAME, MENU_ALLERGIE, MENU_CALINFO, MENU_NUTRIENT, MENU_ATTACH_NAME
)
VALUES
(
  'MENU_00210', '애호박채볶음', '새우',150,'탄수화물 : 113g, 단백질 : 17g, 지방 : 16g, 당류 : 13g, 나트륨 : 1160mg, 콜레스테롤 : 75mg, 포화지방산 : 3.4g, 트랜스지방 : 0g', '4ff793088fdd495294696dcd78e678df.jpg'
);

INSERT
  INTO DM_MENU
(
  MENU_CODE, MENU_NAME, MENU_ALLERGIE, MENU_CALINFO, MENU_NUTRIENT, MENU_ATTACH_NAME
)
VALUES
(
  'MENU_00211', '잔멸치꽈리볶음', '멸치',120,'탄수화물 : 2g, 단백질 : 2g, 지방 : 1g, 당류 : 1g, 나트륨 : 55mg, 콜레스테롤 : 40mg, 포화지방산 : 1g, 트랜스지방 : 0g', '5d8e1dd84be04598b8ab63ba98eb0808.jpg'
);

INSERT
  INTO DM_MENU
(
  MENU_CODE, MENU_NAME, MENU_ALLERGIE, MENU_CALINFO, MENU_NUTRIENT, MENU_ATTACH_NAME
)
VALUES
(
  'MENU_00212', '콩비지찌개', '콩',110,'탄수화물 : 113g, 단백질 : 17g, 지방 : 16g, 당류 : 13g, 나트륨 : 1160mg, 콜레스테롤 : 75mg, 포화지방산 : 3.4g, 트랜스지방 : 0g', '9bc987a97e5e446980d1fd8ef3845599.jpg'
);

INSERT
  INTO DM_MENU
(
  MENU_CODE, MENU_NAME, MENU_ALLERGIE, MENU_CALINFO, MENU_NUTRIENT, MENU_ATTACH_NAME
)
VALUES
(
  'MENU_00213', '돈육고추장 볶음', '돼지',280,'탄수화물 : 2g, 단백질 : 2g, 지방 : 1g, 당류 : 1g, 나트륨 : 55mg, 콜레스테롤 : 40mg, 포화지방산 : 1g, 트랜스지방 : 0g', 'd5392533fb044b10a43f312f2176629c.jpg'
);

INSERT
  INTO DM_MENU
(
  MENU_CODE, MENU_NAME, MENU_ALLERGIE, MENU_CALINFO, MENU_NUTRIENT, MENU_ATTACH_NAME
)
VALUES
(
  'MENU_00214', '콩나물 겨자냉채', '겨자',150,'탄수화물 : 36.83g, 단백질 : 3.25g, 지방 : 27.14g, 당류 : 6.37g, 나트륨 : 277.85mg, 콜레스테롤 : 0mg, 포화지방산 : 4.29g, 트랜스지방 : 0.24g', 'e763f48c88874044a3a5f841d7560b00.jpg'
);

INSERT
  INTO DM_MENU
(
  MENU_CODE, MENU_NAME, MENU_ALLERGIE, MENU_CALINFO, MENU_NUTRIENT, MENU_ATTACH_NAME
)
VALUES
(
  'MENU_00215', '수수밥', '돼지',170,'탄수화물 : 1.27g, 단백질 : 0.68g, 지방 : 0.31g, 당류 : 0.95g, 나트륨 : 123.03mg, 콜레스테롤 : 0.4mg, 포화지방산 : 0.02g, 트랜스지방 : 0g', '87f0c5e66c7f449f967930ee7ed3e7d1.jpg'
);

INSERT
  INTO DM_MENU
(
  MENU_CODE, MENU_NAME, MENU_ALLERGIE, MENU_CALINFO, MENU_NUTRIENT, MENU_ATTACH_NAME
)
VALUES
(
  'MENU_00216', '쑥감자국', '쑥',70,'탄수화물 : 1.27g, 단백질 : 0.68g, 지방 : 0.31g, 당류 : 0.95g, 나트륨 : 123.03mg, 콜레스테롤 : 0.4mg, 포화지방산 : 0.02g, 트랜스지방 : 0g', '99dbc538a40548b6a5ccdb18851fbca5.JPG'
);

INSERT
  INTO DM_MENU
(
  MENU_CODE, MENU_NAME, MENU_ALLERGIE, MENU_CALINFO, MENU_NUTRIENT, MENU_ATTACH_NAME
)
VALUES
(
  'MENU_00217', '돈육쭈꾸미볶음', '돼지',290,'탄수화물 : 113g, 단백질 : 17g, 지방 : 16g, 당류 : 13g, 나트륨 : 1160mg, 콜레스테롤 : 75mg, 포화지방산 : 3.4g, 트랜스지방 : 0g', 'cd271ee7b3b24e599f2dc0d58d60cf41.jpg'
);

INSERT
  INTO DM_MENU
(
  MENU_CODE, MENU_NAME, MENU_ALLERGIE, MENU_CALINFO, MENU_NUTRIENT, MENU_ATTACH_NAME
)
VALUES
(
  'MENU_00218', '풋고추볶음', '고추',140,'탄수화물 : 2g, 단백질 : 2g, 지방 : 1g, 당류 : 1g, 나트륨 : 55mg, 콜레스테롤 : 40mg, 포화지방산 : 1g, 트랜스지방 : 0g', '533917a410d1491a9fa1eb595ceb2211.jpg'
);

INSERT
  INTO DM_MENU
(
  MENU_CODE, MENU_NAME, MENU_ALLERGIE, MENU_CALINFO, MENU_NUTRIENT, MENU_ATTACH_NAME
)
VALUES
(
  'MENU_00219', '흑미밥', '흑미',145,'탄수화물 : 36.83g, 단백질 : 3.25g, 지방 : 27.14g, 당류 : 6.37g, 나트륨 : 277.85mg, 콜레스테롤 : 0mg, 포화지방산 : 4.29g, 트랜스지방 : 0.24g', '681d19937b5a44338804257b85fd9a72.jpg'
);

INSERT
  INTO DM_MENU
(
  MENU_CODE, MENU_NAME, MENU_ALLERGIE, MENU_CALINFO, MENU_NUTRIENT, MENU_ATTACH_NAME
)
VALUES
(
  'MENU_00220', '낙지연포탕', '쑥',120,'탄수화물 : 1.27g, 단백질 : 0.68g, 지방 : 0.31g, 당류 : 0.95g, 나트륨 : 123.03mg, 콜레스테롤 : 0.4mg, 포화지방산 : 0.02g, 트랜스지방 : 0g', '55fc8aefa93c4716bcddb617f5c7b7da.jpg'
);

INSERT
  INTO DM_MENU
(
  MENU_CODE, MENU_NAME, MENU_ALLERGIE, MENU_CALINFO, MENU_NUTRIENT, MENU_ATTACH_NAME
)
VALUES
(
  'MENU_00221', '소불고기당면 볶음', '소',100,'탄수화물 : 1.27g, 단백질 : 0.68g, 지방 : 0.31g, 당류 : 0.95g, 나트륨 : 123.03mg, 콜레스테롤 : 0.4mg, 포화지방산 : 0.02g, 트랜스지방 : 0g', 'b3d6e1c8b7dc4978b4becc58920b09a0.jpg'
);

INSERT
  INTO DM_MENU
(
  MENU_CODE, MENU_NAME, MENU_ALLERGIE, MENU_CALINFO, MENU_NUTRIENT, MENU_ATTACH_NAME
)
VALUES
(
  'MENU_00222', '시금치무침', '시금치',180,'탄수화물 : 113g, 단백질 : 17g, 지방 : 16g, 당류 : 13g, 나트륨 : 1160mg, 콜레스테롤 : 75mg, 포화지방산 : 3.4g, 트랜스지방 : 0g', '91c29ce4282a4c2489a6d553f7b5dcdd.jpg'
);

INSERT
  INTO DM_MENU
(
  MENU_CODE, MENU_NAME, MENU_ALLERGIE, MENU_CALINFO, MENU_NUTRIENT, MENU_ATTACH_NAME
)
VALUES
(
  'MENU_00223', '연두부맑은국', '두부',280,'탄수화물 : 2g, 단백질 : 2g, 지방 : 1g, 당류 : 1g, 나트륨 : 55mg, 콜레스테롤 : 40mg, 포화지방산 : 1g, 트랜스지방 : 0g', '58f8955dfdf640559d6d84ff50959484.jpg'
);

INSERT
  INTO DM_MENU
(
  MENU_CODE, MENU_NAME, MENU_ALLERGIE, MENU_CALINFO, MENU_NUTRIENT, MENU_ATTACH_NAME
)
VALUES
(
  'MENU_00224', '가오리찜', '가오리',160,'탄수화물 : 113g, 단백질 : 17g, 지방 : 16g, 당류 : 13g, 나트륨 : 1160mg, 콜레스테롤 : 75mg, 포화지방산 : 3.4g, 트랜스지방 : 0g', '96c307d391b74f66ad25a71b3b2e8432.jpeg'
);

INSERT
  INTO DM_MENU
(
  MENU_CODE, MENU_NAME, MENU_ALLERGIE, MENU_CALINFO, MENU_NUTRIENT, MENU_ATTACH_NAME
)
VALUES
(
  'MENU_00225', '쑥갓두부무침', '닭',170,'탄수화물 : 2g, 단백질 : 2g, 지방 : 1g, 당류 : 1g, 나트륨 : 55mg, 콜레스테롤 : 40mg, 포화지방산 : 1g, 트랜스지방 : 0g', '73c2aae853f14f72be0d6f8ecac25ad4.jpg'
);

INSERT
  INTO DM_MENU
(
  MENU_CODE, MENU_NAME, MENU_ALLERGIE, MENU_CALINFO, MENU_NUTRIENT, MENU_ATTACH_NAME
)
VALUES
(
  'MENU_00227', '들깨미역국', '들깨',250,'탄수화물 : 1.27g, 단백질 : 0.68g, 지방 : 0.31g, 당류 : 0.95g, 나트륨 : 123.03mg, 콜레스테롤 : 0.4mg, 포화지방산 : 0.02g, 트랜스지방 : 0g', 'dfb5ad6def2e4a2a826b8cf437c5a6f6.jpg'
);

INSERT
  INTO DM_MENU
(
  MENU_CODE, MENU_NAME, MENU_ALLERGIE, MENU_CALINFO, MENU_NUTRIENT, MENU_ATTACH_NAME
)
VALUES
(
  'MENU_00228', '닭볶음탕', '닭',100,'탄수화물 : 1.27g, 단백질 : 0.68g, 지방 : 0.31g, 당류 : 0.95g, 나트륨 : 123.03mg, 콜레스테롤 : 0.4mg, 포화지방산 : 0.02g, 트랜스지방 : 0g', '2e02ce225e7842f28be02e0e95ba5ef3.jpg'
);

INSERT
  INTO DM_MENU
(
  MENU_CODE, MENU_NAME, MENU_ALLERGIE, MENU_CALINFO, MENU_NUTRIENT, MENU_ATTACH_NAME
)
VALUES
(
  'MENU_00229', '호박새우젓볶음', '새우',150,'탄수화물 : 113g, 단백질 : 17g, 지방 : 16g, 당류 : 13g, 나트륨 : 1160mg, 콜레스테롤 : 75mg, 포화지방산 : 3.4g, 트랜스지방 : 0g', '934ab11ffc774657992bdcdd6a788532.jpg'
);

INSERT
  INTO DM_MENU
(
  MENU_CODE, MENU_NAME, MENU_ALLERGIE, MENU_CALINFO, MENU_NUTRIENT, MENU_ATTACH_NAME
)
VALUES
(
  'MENU_00230', '귀리밥', '귀리',80,'탄수화물 : 2g, 단백질 : 2g, 지방 : 1g, 당류 : 1g, 나트륨 : 55mg, 콜레스테롤 : 40mg, 포화지방산 : 1g, 트랜스지방 : 0g', 'f79def370ed346a08c01c8736102dc8f.jpg'
);

INSERT
  INTO DM_MENU
(
  MENU_CODE, MENU_NAME, MENU_ALLERGIE, MENU_CALINFO, MENU_NUTRIENT, MENU_ATTACH_NAME
)
VALUES
(
  'MENU_00231', '오리로스구이&쌈야채', '오리',100,'탄수화물 : 36.83g, 단백질 : 3.25g, 지방 : 27.14g, 당류 : 6.37g, 나트륨 : 277.85mg, 콜레스테롤 : 0mg, 포화지방산 : 4.29g, 트랜스지방 : 0.24g', '0566fb64bec64fe2b693fd5fe786a0f6.jpg'
);

INSERT
  INTO DM_MENU
(
  MENU_CODE, MENU_NAME, MENU_ALLERGIE, MENU_CALINFO, MENU_NUTRIENT, MENU_ATTACH_NAME
)
VALUES
(
  'MENU_00234', '청국장찌개', '콩',50,'탄수화물 : 113g, 단백질 : 17g, 지방 : 16g, 당류 : 13g, 나트륨 : 1160mg, 콜레스테롤 : 75mg, 포화지방산 : 3.4g, 트랜스지방 : 0g', 'ee128f69d9cd4eb69d49d117113dcbf8.jpg'
);

INSERT
  INTO DM_MENU
(
  MENU_CODE, MENU_NAME, MENU_ALLERGIE, MENU_CALINFO, MENU_NUTRIENT, MENU_ATTACH_NAME
)
VALUES
(
  'MENU_00235', '양송이파프리카볶음', '버섯',250,'탄수화물 : 2g, 단백질 : 2g, 지방 : 1g, 당류 : 1g, 나트륨 : 55mg, 콜레스테롤 : 40mg, 포화지방산 : 1g, 트랜스지방 : 0g', 'c3cc00bde21d42318a4e14142eb85c3b.jpg'
);

INSERT
  INTO DM_MENU
(
  MENU_CODE, MENU_NAME, MENU_ALLERGIE, MENU_CALINFO, MENU_NUTRIENT, MENU_ATTACH_NAME
)
VALUES
(
  'MENU_00236', '장어구이&청경채', '장어',100,'탄수화물 : 113g, 단백질 : 17g, 지방 : 16g, 당류 : 13g, 나트륨 : 1160mg, 콜레스테롤 : 75mg, 포화지방산 : 3.4g, 트랜스지방 : 0g', '9616ae11ced5426695acc8f94f4a6d68.jpg'
);

INSERT
  INTO DM_MENU
(
  MENU_CODE, MENU_NAME, MENU_ALLERGIE, MENU_CALINFO, MENU_NUTRIENT, MENU_ATTACH_NAME
)
VALUES
(
  'MENU_00237', '연잎밥', '콩',150,'탄수화물 : 2g, 단백질 : 2g, 지방 : 1g, 당류 : 1g, 나트륨 : 55mg, 콜레스테롤 : 40mg, 포화지방산 : 1g, 트랜스지방 : 0g', '9dbb3858a3674706b66640cb491f67a8.jpg'
);

INSERT
  INTO DM_MENU
(
  MENU_CODE, MENU_NAME, MENU_ALLERGIE, MENU_CALINFO, MENU_NUTRIENT, MENU_ATTACH_NAME
)
VALUES
(
  'MENU_00238', '대구탕', '무',80,'탄수화물 : 36.83g, 단백질 : 3.25g, 지방 : 27.14g, 당류 : 6.37g, 나트륨 : 277.85mg, 콜레스테롤 : 0mg, 포화지방산 : 4.29g, 트랜스지방 : 0.24g', '63ae382b0f834bf69044a91cce9af8f0.jpg'
);

INSERT
  INTO DM_MENU
(
  MENU_CODE, MENU_NAME, MENU_ALLERGIE, MENU_CALINFO, MENU_NUTRIENT, MENU_ATTACH_NAME
)
VALUES
(
  'MENU_00240', '더덕무침', '더덕',150,'탄수화물 : 1.27g, 단백질 : 0.68g, 지방 : 0.31g, 당류 : 0.95g, 나트륨 : 123.03mg, 콜레스테롤 : 0.4mg, 포화지방산 : 0.02g, 트랜스지방 : 0g', '5c3d5c4f9bc94e35a08be3d69279b021.jpg'
);

INSERT
  INTO DM_MENU
(
  MENU_CODE, MENU_NAME, MENU_ALLERGIE, MENU_CALINFO, MENU_NUTRIENT, MENU_ATTACH_NAME
)
VALUES
(
  'MENU_00241', '바지락된장국', '콩',120,'탄수화물 : 113g, 단백질 : 17g, 지방 : 16g, 당류 : 13g, 나트륨 : 1160mg, 콜레스테롤 : 75mg, 포화지방산 : 3.4g, 트랜스지방 : 0g', '60a56ae57adf471e970babda52c3d6e6.jpg'
);

INSERT
  INTO DM_MENU
(
  MENU_CODE, MENU_NAME, MENU_ALLERGIE, MENU_CALINFO, MENU_NUTRIENT, MENU_ATTACH_NAME
)
VALUES
(
  'MENU_00242', '고등어무조림', '무',100,'탄수화물 : 2g, 단백질 : 2g, 지방 : 1g, 당류 : 1g, 나트륨 : 55mg, 콜레스테롤 : 40mg, 포화지방산 : 1g, 트랜스지방 : 0g', '1cf99ebbdcf24498a7d702538e242ede.jpg'
);

INSERT
  INTO DM_MENU
(
  MENU_CODE, MENU_NAME, MENU_ALLERGIE, MENU_CALINFO, MENU_NUTRIENT, MENU_ATTACH_NAME
)
VALUES
(
  'MENU_00243', '숙주나물무침', '숙주',290,'탄수화물 : 36.83g, 단백질 : 3.25g, 지방 : 27.14g, 당류 : 6.37g, 나트륨 : 277.85mg, 콜레스테롤 : 0mg, 포화지방산 : 4.29g, 트랜스지방 : 0.24g', 'a4954cd6e8b743f49351c406e0736199.jpg'
);

INSERT
  INTO DM_MENU
(
  MENU_CODE, MENU_NAME, MENU_ALLERGIE, MENU_CALINFO, MENU_NUTRIENT, MENU_ATTACH_NAME
)
VALUES
(
  'MENU_00245', '들깨배춧국', '들깨',80,'탄수화물 : 1.27g, 단백질 : 0.68g, 지방 : 0.31g, 당류 : 0.95g, 나트륨 : 123.03mg, 콜레스테롤 : 0.4mg, 포화지방산 : 0.02g, 트랜스지방 : 0g', 'cba59e3075c04871b0a9006c1403a2c6.jpg'
);

INSERT
  INTO DM_MENU
(
  MENU_CODE, MENU_NAME, MENU_ALLERGIE, MENU_CALINFO, MENU_NUTRIENT, MENU_ATTACH_NAME
)
VALUES
(
  'MENU_00246', '소고기장조림', '소',150,'탄수화물 : 113g, 단백질 : 17g, 지방 : 16g, 당류 : 13g, 나트륨 : 1160mg, 콜레스테롤 : 75mg, 포화지방산 : 3.4g, 트랜스지방 : 0g', '43442c49bf334192857f16f3bf99aa79.jpg'
);

INSERT
  INTO DM_MENU
(
  MENU_CODE, MENU_NAME, MENU_ALLERGIE, MENU_CALINFO, MENU_NUTRIENT, MENU_ATTACH_NAME
)
VALUES
(
  'MENU_00247', '애호박나물', '호박',120,'탄수화물 : 2g, 단백질 : 2g, 지방 : 1g, 당류 : 1g, 나트륨 : 55mg, 콜레스테롤 : 40mg, 포화지방산 : 1g, 트랜스지방 : 0g', '2f4b7d1e038448c2890f5f49465de691.jpg'
);

INSERT
  INTO DM_MENU
(
  MENU_CODE, MENU_NAME, MENU_ALLERGIE, MENU_CALINFO, MENU_NUTRIENT, MENU_ATTACH_NAME
)
VALUES
(
  'MENU_00248', '곤드레밥&달래양념장', '달래',110,'탄수화물 : 113g, 단백질 : 17g, 지방 : 16g, 당류 : 13g, 나트륨 : 1160mg, 콜레스테롤 : 75mg, 포화지방산 : 3.4g, 트랜스지방 : 0g', '6336aea35b4b47959640f4bb8ac5e0bb.jpg'
);

INSERT
  INTO DM_MENU
(
  MENU_CODE, MENU_NAME, MENU_ALLERGIE, MENU_CALINFO, MENU_NUTRIENT, MENU_ATTACH_NAME
)
VALUES
(
  'MENU_00250', '안동찜닭', '닭',150,'탄수화물 : 36.83g, 단백질 : 3.25g, 지방 : 27.14g, 당류 : 6.37g, 나트륨 : 277.85mg, 콜레스테롤 : 0mg, 포화지방산 : 4.29g, 트랜스지방 : 0.24g', '9ec219a3d11243b485d3524573f94a6b.jpg'
);

INSERT
  INTO DM_MENU
(
  MENU_CODE, MENU_NAME, MENU_ALLERGIE, MENU_CALINFO, MENU_NUTRIENT, MENU_ATTACH_NAME
)
VALUES
(
  'MENU_00251', '고추잎무침', '고추',150,'탄수화물 : 1.27g, 단백질 : 0.68g, 지방 : 0.31g, 당류 : 0.95g, 나트륨 : 123.03mg, 콜레스테롤 : 0.4mg, 포화지방산 : 0.02g, 트랜스지방 : 0g', '7bfd80f244014c4ba3b24165868ad975.jpg'
);

INSERT
  INTO DM_MENU
(
  MENU_CODE, MENU_NAME, MENU_ALLERGIE, MENU_CALINFO, MENU_NUTRIENT, MENU_ATTACH_NAME
)
VALUES
(
  'MENU_00253', '돈갈비찜', '돼지',100,'탄수화물 : 113g, 단백질 : 17g, 지방 : 16g, 당류 : 13g, 나트륨 : 1160mg, 콜레스테롤 : 75mg, 포화지방산 : 3.4g, 트랜스지방 : 0g', 'c0b822beb77b48deb783a000e4351ebb.jpg'
);

INSERT
  INTO DM_MENU
(
  MENU_CODE, MENU_NAME, MENU_ALLERGIE, MENU_CALINFO, MENU_NUTRIENT, MENU_ATTACH_NAME
)
VALUES
(
  'MENU_00254', '열무된장나물', '콩',150,'탄수화물 : 2g, 단백질 : 2g, 지방 : 1g, 당류 : 1g, 나트륨 : 55mg, 콜레스테롤 : 40mg, 포화지방산 : 1g, 트랜스지방 : 0g', '18253fc9120646e9a08884d8aa1e9d7b.jpg'
);

INSERT
  INTO DM_MENU
(
  MENU_CODE, MENU_NAME, MENU_ALLERGIE, MENU_CALINFO, MENU_NUTRIENT, MENU_ATTACH_NAME
)
VALUES
(
  'MENU_00255', '순두부백탕', '두부',120,'탄수화물 : 36.83g, 단백질 : 3.25g, 지방 : 27.14g, 당류 : 6.37g, 나트륨 : 277.85mg, 콜레스테롤 : 0mg, 포화지방산 : 4.29g, 트랜스지방 : 0.24g', '7152543607d94abe8ab4d9ff20e99e8c.jpg'
);

INSERT
  INTO DM_MENU
(
  MENU_CODE, MENU_NAME, MENU_ALLERGIE, MENU_CALINFO, MENU_NUTRIENT, MENU_ATTACH_NAME
)
VALUES
(
  'MENU_00256', '잡채', '돼지',110,'탄수화물 : 1.27g, 단백질 : 0.68g, 지방 : 0.31g, 당류 : 0.95g, 나트륨 : 123.03mg, 콜레스테롤 : 0.4mg, 포화지방산 : 0.02g, 트랜스지방 : 0g', '68935b15d5f74263ba225822b01fa2aa.jpg'
);

INSERT
  INTO DM_MENU
(
  MENU_CODE, MENU_NAME, MENU_ALLERGIE, MENU_CALINFO, MENU_NUTRIENT, MENU_ATTACH_NAME
)
VALUES
(
  'MENU_00258', '양구 시래기장 불고기', '소',150,'탄수화물 : 113g, 단백질 : 17g, 지방 : 16g, 당류 : 13g, 나트륨 : 1160mg, 콜레스테롤 : 75mg, 포화지방산 : 3.4g, 트랜스지방 : 0g', '6491c0a5bfed4636996e840300323170.jpg'
);

INSERT
  INTO DM_MENU
(
  MENU_CODE, MENU_NAME, MENU_ALLERGIE, MENU_CALINFO, MENU_NUTRIENT, MENU_ATTACH_NAME
)
VALUES
(
  'MENU_00259', '두부구이', '두부',150,'탄수화물 : 2g, 단백질 : 2g, 지방 : 1g, 당류 : 1g, 나트륨 : 55mg, 콜레스테롤 : 40mg, 포화지방산 : 1g, 트랜스지방 : 0g', '455cbcea58c549b5bd798bec21490ad7.jpg'
);

INSERT
  INTO DM_MENU
(
  MENU_CODE, MENU_NAME, MENU_ALLERGIE, MENU_CALINFO, MENU_NUTRIENT, MENU_ATTACH_NAME
)
VALUES
(
  'MENU_00260', '더덕장', '더덕',80,'탄수화물 : 113g, 단백질 : 17g, 지방 : 16g, 당류 : 13g, 나트륨 : 1160mg, 콜레스테롤 : 75mg, 포화지방산 : 3.4g, 트랜스지방 : 0g', '2d4410d727c74cb8945e508a8bc99d98.jpg'
);

INSERT
  INTO DM_MEAL_PER_MENU
(
  MEAL_CODE, MENU_CODE
)
VALUES
(
  'MEAL_00001', 'MENU_00001'
);

INSERT
  INTO DM_MEAL_PER_MENU
(
  MEAL_CODE, MENU_CODE
)
VALUES
(
  'MEAL_00001', 'MENU_00002'
);

INSERT
  INTO DM_MEAL_PER_MENU
(
  MEAL_CODE, MENU_CODE
)
VALUES
(
  'MEAL_00001', 'MENU_00003'
);

INSERT
  INTO DM_MEAL_PER_MENU
(
  MEAL_CODE, MENU_CODE
)
VALUES
(
  'MEAL_00002', 'MENU_00004'
);

INSERT
  INTO DM_MEAL_PER_MENU
(
  MEAL_CODE, MENU_CODE
)
VALUES
(
  'MEAL_00002', 'MENU_00005'
);

INSERT
  INTO DM_MEAL_PER_MENU
(
  MEAL_CODE, MENU_CODE
)
VALUES
(
  'MEAL_00002', 'MENU_00006'
);

INSERT
  INTO DM_MEAL_PER_MENU
(
  MEAL_CODE, MENU_CODE
)
VALUES
(
  'MEAL_00003', 'MENU_00007'
);

INSERT
  INTO DM_MEAL_PER_MENU
(
  MEAL_CODE, MENU_CODE
)
VALUES
(
  'MEAL_00003', 'MENU_00008'
);

INSERT
  INTO DM_MEAL_PER_MENU
(
  MEAL_CODE, MENU_CODE
)
VALUES
(
  'MEAL_00003', 'MENU_00009'
);

INSERT
  INTO DM_MEAL_PER_MENU
(
  MEAL_CODE, MENU_CODE
)
VALUES
(
  'MEAL_00004', 'MENU_00010'
);

INSERT
  INTO DM_MEAL_PER_MENU
(
  MEAL_CODE, MENU_CODE
)
VALUES
(
  'MEAL_00004', 'MENU_00011'
);

INSERT
  INTO DM_MEAL_PER_MENU
(
  MEAL_CODE, MENU_CODE
)
VALUES
(
  'MEAL_00004', 'MENU_00012'
);

INSERT
  INTO DM_MEAL_PER_MENU
(
  MEAL_CODE, MENU_CODE
)
VALUES
(
  'MEAL_00005', 'MENU_00013'
);

INSERT
  INTO DM_MEAL_PER_MENU
(
  MEAL_CODE, MENU_CODE
)
VALUES
(
  'MEAL_00005', 'MENU_00014'
);

INSERT
  INTO DM_MEAL_PER_MENU
(
  MEAL_CODE, MENU_CODE
)
VALUES
(
  'MEAL_00005', 'MENU_00015'
);

INSERT
  INTO DM_MEAL_PER_MENU
(
  MEAL_CODE, MENU_CODE
)
VALUES
(
  'MEAL_00006', 'MENU_00016'
);

INSERT
  INTO DM_MEAL_PER_MENU
(
  MEAL_CODE, MENU_CODE
)
VALUES
(
  'MEAL_00006', 'MENU_00002'
);

INSERT
  INTO DM_MEAL_PER_MENU
(
  MEAL_CODE, MENU_CODE
)
VALUES
(
  'MEAL_00006', 'MENU_00012'
);

INSERT
  INTO DM_MEAL_PER_MENU
(
  MEAL_CODE, MENU_CODE
)
VALUES
(
  'MEAL_00007', 'MENU_00017'
);

INSERT
  INTO DM_MEAL_PER_MENU
(
  MEAL_CODE, MENU_CODE
)
VALUES
(
  'MEAL_00007', 'MENU_00005'
);

INSERT
  INTO DM_MEAL_PER_MENU
(
  MEAL_CODE, MENU_CODE
)
VALUES
(
  'MEAL_00007', 'MENU_00034'
);

INSERT
  INTO DM_MEAL_PER_MENU
(
  MEAL_CODE, MENU_CODE
)
VALUES
(
  'MEAL_00008', 'MENU_00019'
);

INSERT
  INTO DM_MEAL_PER_MENU
(
  MEAL_CODE, MENU_CODE
)
VALUES
(
  'MEAL_00008', 'MENU_00008'
);

INSERT
  INTO DM_MEAL_PER_MENU
(
  MEAL_CODE, MENU_CODE
)
VALUES
(
  'MEAL_00008', 'MENU_00006'
);

INSERT
  INTO DM_MEAL_PER_MENU
(
  MEAL_CODE, MENU_CODE
)
VALUES
(
  'MEAL_00009', 'MENU_00020'
);

INSERT
  INTO DM_MEAL_PER_MENU
(
  MEAL_CODE, MENU_CODE
)
VALUES
(
  'MEAL_00009', 'MENU_00014'
);

INSERT
  INTO DM_MEAL_PER_MENU
(
  MEAL_CODE, MENU_CODE
)
VALUES
(
  'MEAL_00009', 'MENU_00009'
);

INSERT
  INTO DM_MEAL_PER_MENU
(
  MEAL_CODE, MENU_CODE
)
VALUES
(
  'MEAL_00010', 'MENU_00021'
);

INSERT
  INTO DM_MEAL_PER_MENU
(
  MEAL_CODE, MENU_CODE
)
VALUES
(
  'MEAL_00010', 'MENU_00011'
);

INSERT
  INTO DM_MEAL_PER_MENU
(
  MEAL_CODE, MENU_CODE
)
VALUES
(
  'MEAL_00010', 'MENU_00015'
);

INSERT
  INTO DM_MEAL_PER_MENU
(
  MEAL_CODE, MENU_CODE
)
VALUES
(
  'MEAL_00011', 'MENU_00022'
);

INSERT
  INTO DM_MEAL_PER_MENU
(
  MEAL_CODE, MENU_CODE
)
VALUES
(
  'MEAL_00011', 'MENU_00002'
);

INSERT
  INTO DM_MEAL_PER_MENU
(
  MEAL_CODE, MENU_CODE
)
VALUES
(
  'MEAL_00011', 'MENU_00023'
);

INSERT
  INTO DM_MEAL_PER_MENU
(
  MEAL_CODE, MENU_CODE
)
VALUES
(
  'MEAL_00012', 'MENU_00024'
);

INSERT
  INTO DM_MEAL_PER_MENU
(
  MEAL_CODE, MENU_CODE
)
VALUES
(
  'MEAL_00012', 'MENU_00005'
);

INSERT
  INTO DM_MEAL_PER_MENU
(
  MEAL_CODE, MENU_CODE
)
VALUES
(
  'MEAL_00012', 'MENU_00009'
);

INSERT
  INTO DM_MEAL_PER_MENU
(
  MEAL_CODE, MENU_CODE
)
VALUES
(
  'MEAL_00013', 'MENU_00025'
);

INSERT
  INTO DM_MEAL_PER_MENU
(
  MEAL_CODE, MENU_CODE
)
VALUES
(
  'MEAL_00013', 'MENU_00008'
);

INSERT
  INTO DM_MEAL_PER_MENU
(
  MEAL_CODE, MENU_CODE
)
VALUES
(
  'MEAL_00013', 'MENU_00015'
);

INSERT
  INTO DM_MEAL_PER_MENU
(
  MEAL_CODE, MENU_CODE
)
VALUES
(
  'MEAL_00014', 'MENU_00026'
);

INSERT
  INTO DM_MEAL_PER_MENU
(
  MEAL_CODE, MENU_CODE
)
VALUES
(
  'MEAL_00014', 'MENU_00011'
);

INSERT
  INTO DM_MEAL_PER_MENU
(
  MEAL_CODE, MENU_CODE
)
VALUES
(
  'MEAL_00014', 'MENU_00018'
);

INSERT
  INTO DM_MEAL_PER_MENU
(
  MEAL_CODE, MENU_CODE
)
VALUES
(
  'MEAL_00015', 'MENU_00027'
);

INSERT
  INTO DM_MEAL_PER_MENU
(
  MEAL_CODE, MENU_CODE
)
VALUES
(
  'MEAL_00015', 'MENU_00014'
);

INSERT
  INTO DM_MEAL_PER_MENU
(
  MEAL_CODE, MENU_CODE
)
VALUES
(
  'MEAL_00015', 'MENU_00028'
);

INSERT
  INTO DM_MEAL_PER_MENU
(
  MEAL_CODE, MENU_CODE
)
VALUES
(
  'MEAL_00016', 'MENU_00029'
);

INSERT
  INTO DM_MEAL_PER_MENU
(
  MEAL_CODE, MENU_CODE
)
VALUES
(
  'MEAL_00016', 'MENU_00008'
);

INSERT
  INTO DM_MEAL_PER_MENU
(
  MEAL_CODE, MENU_CODE
)
VALUES
(
  'MEAL_00016', 'MENU_00015'
);

INSERT
  INTO DM_MEAL_PER_MENU
(
  MEAL_CODE, MENU_CODE
)
VALUES
(
  'MEAL_00017', 'MENU_00030'
);

INSERT
  INTO DM_MEAL_PER_MENU
(
  MEAL_CODE, MENU_CODE
)
VALUES
(
  'MEAL_00017', 'MENU_00002'
);

INSERT
  INTO DM_MEAL_PER_MENU
(
  MEAL_CODE, MENU_CODE
)
VALUES
(
  'MEAL_00017', 'MENU_00006'
);

INSERT
  INTO DM_MEAL_PER_MENU
(
  MEAL_CODE, MENU_CODE
)
VALUES
(
  'MEAL_00018', 'MENU_00031'
);

INSERT
  INTO DM_MEAL_PER_MENU
(
  MEAL_CODE, MENU_CODE
)
VALUES
(
  'MEAL_00018', 'MENU_00005'
);

INSERT
  INTO DM_MEAL_PER_MENU
(
  MEAL_CODE, MENU_CODE
)
VALUES
(
  'MEAL_00018', 'MENU_00012'
);

INSERT
  INTO DM_MEAL_PER_MENU
(
  MEAL_CODE, MENU_CODE
)
VALUES
(
  'MEAL_00019', 'MENU_00032'
);

INSERT
  INTO DM_MEAL_PER_MENU
(
  MEAL_CODE, MENU_CODE
)
VALUES
(
  'MEAL_00019', 'MENU_00014'
);

INSERT
  INTO DM_MEAL_PER_MENU
(
  MEAL_CODE, MENU_CODE
)
VALUES
(
  'MEAL_00019', 'MENU_00009'
);

INSERT
  INTO DM_MEAL_PER_MENU
(
  MEAL_CODE, MENU_CODE
)
VALUES
(
  'MEAL_00020', 'MENU_00033'
);

INSERT
  INTO DM_MEAL_PER_MENU
(
  MEAL_CODE, MENU_CODE
)
VALUES
(
  'MEAL_00020', 'MENU_00011'
);

INSERT
  INTO DM_MEAL_PER_MENU
(
  MEAL_CODE, MENU_CODE
)
VALUES
(
  'MEAL_00020', 'MENU_00023'
);

INSERT
  INTO DM_MEAL_PER_MENU
(
  MEAL_CODE, MENU_CODE
)
VALUES
(
  'MEAL_00021', 'MENU_00038'
);

INSERT
  INTO DM_MEAL_PER_MENU
(
  MEAL_CODE, MENU_CODE
)
VALUES
(
  'MEAL_00021', 'MENU_00055'
);

INSERT
  INTO DM_MEAL_PER_MENU
(
  MEAL_CODE, MENU_CODE
)
VALUES
(
  'MEAL_00021', 'MENU_00058'
);

INSERT
  INTO DM_MEAL_PER_MENU
(
  MEAL_CODE, MENU_CODE
)
VALUES
(
  'MEAL_00022', 'MENU_00038'
);

INSERT
  INTO DM_MEAL_PER_MENU
(
  MEAL_CODE, MENU_CODE
)
VALUES
(
  'MEAL_00022', 'MENU_00056'
);

INSERT
  INTO DM_MEAL_PER_MENU
(
  MEAL_CODE, MENU_CODE
)
VALUES
(
  'MEAL_00022', 'MENU_00058'
);

INSERT
  INTO DM_MEAL_PER_MENU
(
  MEAL_CODE, MENU_CODE
)
VALUES
(
  'MEAL_00023', 'MENU_00038'
);

INSERT
  INTO DM_MEAL_PER_MENU
(
  MEAL_CODE, MENU_CODE
)
VALUES
(
  'MEAL_00023', 'MENU_00057'
);

INSERT
  INTO DM_MEAL_PER_MENU
(
  MEAL_CODE, MENU_CODE
)
VALUES
(
  'MEAL_00023', 'MENU_00058'
);

INSERT
  INTO DM_MEAL_PER_MENU
(
  MEAL_CODE, MENU_CODE
)
VALUES
(
  'MEAL_00024', 'MENU_00035'
);

INSERT
  INTO DM_MEAL_PER_MENU
(
  MEAL_CODE, MENU_CODE
)
VALUES
(
  'MEAL_00024', 'MENU_00043'
);

INSERT
  INTO DM_MEAL_PER_MENU
(
  MEAL_CODE, MENU_CODE
)
VALUES
(
  'MEAL_00024', 'MENU_00047'
);

INSERT
  INTO DM_MEAL_PER_MENU
(
  MEAL_CODE, MENU_CODE
)
VALUES
(
  'MEAL_00024', 'MENU_00050'
);

INSERT
  INTO DM_MEAL_PER_MENU
(
  MEAL_CODE, MENU_CODE
)
VALUES
(
  'MEAL_00024', 'MENU_00061'
);

INSERT
  INTO DM_MEAL_PER_MENU
(
  MEAL_CODE, MENU_CODE
)
VALUES
(
  'MEAL_00025', 'MENU_00039'
);

INSERT
  INTO DM_MEAL_PER_MENU
(
  MEAL_CODE, MENU_CODE
)
VALUES
(
  'MEAL_00025', 'MENU_00041'
);

INSERT
  INTO DM_MEAL_PER_MENU
(
  MEAL_CODE, MENU_CODE
)
VALUES
(
  'MEAL_00025', 'MENU_00045'
);

INSERT
  INTO DM_MEAL_PER_MENU
(
  MEAL_CODE, MENU_CODE
)
VALUES
(
  'MEAL_00025', 'MENU_00050'
);

INSERT
  INTO DM_MEAL_PER_MENU
(
  MEAL_CODE, MENU_CODE
)
VALUES
(
  'MEAL_00025', 'MENU_00059'
);

INSERT
  INTO DM_MEAL_PER_MENU
(
  MEAL_CODE, MENU_CODE
)
VALUES
(
  'MEAL_00026', 'MENU_00036'
);

INSERT
  INTO DM_MEAL_PER_MENU
(
  MEAL_CODE, MENU_CODE
)
VALUES
(
  'MEAL_00026', 'MENU_00044'
);

INSERT
  INTO DM_MEAL_PER_MENU
(
  MEAL_CODE, MENU_CODE
)
VALUES
(
  'MEAL_00026', 'MENU_00046'
);

INSERT
  INTO DM_MEAL_PER_MENU
(
  MEAL_CODE, MENU_CODE
)
VALUES
(
  'MEAL_00026', 'MENU_00051'
);

INSERT
  INTO DM_MEAL_PER_MENU
(
  MEAL_CODE, MENU_CODE
)
VALUES
(
  'MEAL_00026', 'MENU_00060'
);

INSERT
  INTO DM_MEAL_PER_MENU
(
  MEAL_CODE, MENU_CODE
)
VALUES
(
  'MEAL_00027', 'MENU_00035'
);

INSERT
  INTO DM_MEAL_PER_MENU
(
  MEAL_CODE, MENU_CODE
)
VALUES
(
  'MEAL_00027', 'MENU_00043'
);

INSERT
  INTO DM_MEAL_PER_MENU
(
  MEAL_CODE, MENU_CODE
)
VALUES
(
  'MEAL_00027', 'MENU_00047'
);

INSERT
  INTO DM_MEAL_PER_MENU
(
  MEAL_CODE, MENU_CODE
)
VALUES
(
  'MEAL_00027', 'MENU_00051'
);

INSERT
  INTO DM_MEAL_PER_MENU
(
  MEAL_CODE, MENU_CODE
)
VALUES
(
  'MEAL_00027', 'MENU_00061'
);

INSERT
  INTO DM_MEAL_PER_MENU
(
  MEAL_CODE, MENU_CODE
)
VALUES
(
  'MEAL_00028', 'MENU_00036'
);

INSERT
  INTO DM_MEAL_PER_MENU
(
  MEAL_CODE, MENU_CODE
)
VALUES
(
  'MEAL_00028', 'MENU_00044'
);

INSERT
  INTO DM_MEAL_PER_MENU
(
  MEAL_CODE, MENU_CODE
)
VALUES
(
  'MEAL_00028', 'MENU_00046'
);

INSERT
  INTO DM_MEAL_PER_MENU
(
  MEAL_CODE, MENU_CODE
)
VALUES
(
  'MEAL_00028', 'MENU_00052'
);

INSERT
  INTO DM_MEAL_PER_MENU
(
  MEAL_CODE, MENU_CODE
)
VALUES
(
  'MEAL_00028', 'MENU_00060'
);

INSERT
  INTO DM_MEAL_PER_MENU
(
  MEAL_CODE, MENU_CODE
)
VALUES
(
  'MEAL_00029', 'MENU_00039'
);

INSERT
  INTO DM_MEAL_PER_MENU
(
  MEAL_CODE, MENU_CODE
)
VALUES
(
  'MEAL_00029', 'MENU_00041'
);

INSERT
  INTO DM_MEAL_PER_MENU
(
  MEAL_CODE, MENU_CODE
)
VALUES
(
  'MEAL_00029', 'MENU_00048'
);

INSERT
  INTO DM_MEAL_PER_MENU
(
  MEAL_CODE, MENU_CODE
)
VALUES
(
  'MEAL_00029', 'MENU_00052'
);

INSERT
  INTO DM_MEAL_PER_MENU
(
  MEAL_CODE, MENU_CODE
)
VALUES
(
  'MEAL_00029', 'MENU_00059'
);

INSERT
  INTO DM_MEAL_PER_MENU
(
  MEAL_CODE, MENU_CODE
)
VALUES
(
  'MEAL_00030', 'MENU_00037'
);

INSERT
  INTO DM_MEAL_PER_MENU
(
  MEAL_CODE, MENU_CODE
)
VALUES
(
  'MEAL_00030', 'MENU_00042'
);

INSERT
  INTO DM_MEAL_PER_MENU
(
  MEAL_CODE, MENU_CODE
)
VALUES
(
  'MEAL_00030', 'MENU_00049'
);

INSERT
  INTO DM_MEAL_PER_MENU
(
  MEAL_CODE, MENU_CODE
)
VALUES
(
  'MEAL_00030', 'MENU_00053'
);

INSERT
  INTO DM_MEAL_PER_MENU
(
  MEAL_CODE, MENU_CODE
)
VALUES
(
  'MEAL_00030', 'MENU_00061'
);

INSERT
  INTO DM_MEAL_PER_MENU
(
  MEAL_CODE, MENU_CODE
)
VALUES
(
  'MEAL_00031', 'MENU_00036'
);

INSERT
  INTO DM_MEAL_PER_MENU
(
  MEAL_CODE, MENU_CODE
)
VALUES
(
  'MEAL_00031', 'MENU_00043'
);

INSERT
  INTO DM_MEAL_PER_MENU
(
  MEAL_CODE, MENU_CODE
)
VALUES
(
  'MEAL_00031', 'MENU_00046'
);

INSERT
  INTO DM_MEAL_PER_MENU
(
  MEAL_CODE, MENU_CODE
)
VALUES
(
  'MEAL_00031', 'MENU_00053'
);

INSERT
  INTO DM_MEAL_PER_MENU
(
  MEAL_CODE, MENU_CODE
)
VALUES
(
  'MEAL_00031', 'MENU_00059'
);

INSERT
  INTO DM_MEAL_PER_MENU
(
  MEAL_CODE, MENU_CODE
)
VALUES
(
  'MEAL_00032', 'MENU_00039'
);

INSERT
  INTO DM_MEAL_PER_MENU
(
  MEAL_CODE, MENU_CODE
)
VALUES
(
  'MEAL_00032', 'MENU_00041'
);

INSERT
  INTO DM_MEAL_PER_MENU
(
  MEAL_CODE, MENU_CODE
)
VALUES
(
  'MEAL_00032', 'MENU_00047'
);

INSERT
  INTO DM_MEAL_PER_MENU
(
  MEAL_CODE, MENU_CODE
)
VALUES
(
  'MEAL_00032', 'MENU_00054'
);

INSERT
  INTO DM_MEAL_PER_MENU
(
  MEAL_CODE, MENU_CODE
)
VALUES
(
  'MEAL_00032', 'MENU_00059'
);

INSERT
  INTO DM_MEAL_PER_MENU
(
  MEAL_CODE, MENU_CODE
)
VALUES
(
  'MEAL_00033', 'MENU_00036'
);

INSERT
  INTO DM_MEAL_PER_MENU
(
  MEAL_CODE, MENU_CODE
)
VALUES
(
  'MEAL_00033', 'MENU_00044'
);

INSERT
  INTO DM_MEAL_PER_MENU
(
  MEAL_CODE, MENU_CODE
)
VALUES
(
  'MEAL_00033', 'MENU_00046'
);

INSERT
  INTO DM_MEAL_PER_MENU
(
  MEAL_CODE, MENU_CODE
)
VALUES
(
  'MEAL_00033', 'MENU_00054'
);

INSERT
  INTO DM_MEAL_PER_MENU
(
  MEAL_CODE, MENU_CODE
)
VALUES
(
  'MEAL_00033', 'MENU_00060'
);

INSERT
  INTO DM_MEAL_PER_MENU
(
  MEAL_CODE, MENU_CODE
)
VALUES
(
  'MEAL_00034', 'MENU_00039'
);

INSERT
  INTO DM_MEAL_PER_MENU
(
  MEAL_CODE, MENU_CODE
)
VALUES
(
  'MEAL_00034', 'MENU_00040'
);

INSERT
  INTO DM_MEAL_PER_MENU
(
  MEAL_CODE, MENU_CODE
)
VALUES
(
  'MEAL_00034', 'MENU_00048'
);

INSERT
  INTO DM_MEAL_PER_MENU
(
  MEAL_CODE, MENU_CODE
)
VALUES
(
  'MEAL_00034', 'MENU_00050'
);

INSERT
  INTO DM_MEAL_PER_MENU
(
  MEAL_CODE, MENU_CODE
)
VALUES
(
  'MEAL_00034', 'MENU_00060'
);

INSERT
  INTO DM_MEAL_PER_MENU
(
  MEAL_CODE, MENU_CODE
)
VALUES
(
  'MEAL_00035', 'MENU_00037'
);

INSERT
  INTO DM_MEAL_PER_MENU
(
  MEAL_CODE, MENU_CODE
)
VALUES
(
  'MEAL_00035', 'MENU_00041'
);

INSERT
  INTO DM_MEAL_PER_MENU
(
  MEAL_CODE, MENU_CODE
)
VALUES
(
  'MEAL_00035', 'MENU_00049'
);

INSERT
  INTO DM_MEAL_PER_MENU
(
  MEAL_CODE, MENU_CODE
)
VALUES
(
  'MEAL_00035', 'MENU_00050'
);

INSERT
  INTO DM_MEAL_PER_MENU
(
  MEAL_CODE, MENU_CODE
)
VALUES
(
  'MEAL_00035', 'MENU_00059'
);

INSERT
  INTO DM_MEAL_PER_MENU
(
  MEAL_CODE, MENU_CODE
)
VALUES
(
  'MEAL_00036', 'MENU_00036'
);

INSERT
  INTO DM_MEAL_PER_MENU
(
  MEAL_CODE, MENU_CODE
)
VALUES
(
  'MEAL_00036', 'MENU_00043'
);

INSERT
  INTO DM_MEAL_PER_MENU
(
  MEAL_CODE, MENU_CODE
)
VALUES
(
  'MEAL_00036', 'MENU_00046'
);

INSERT
  INTO DM_MEAL_PER_MENU
(
  MEAL_CODE, MENU_CODE
)
VALUES
(
  'MEAL_00036', 'MENU_00051'
);

INSERT
  INTO DM_MEAL_PER_MENU
(
  MEAL_CODE, MENU_CODE
)
VALUES
(
  'MEAL_00036', 'MENU_00059'
);

INSERT
  INTO DM_MEAL_PER_MENU
(
  MEAL_CODE, MENU_CODE
)
VALUES
(
  'MEAL_00037', 'MENU_00036'
);

INSERT
  INTO DM_MEAL_PER_MENU
(
  MEAL_CODE, MENU_CODE
)
VALUES
(
  'MEAL_00037', 'MENU_00044'
);

INSERT
  INTO DM_MEAL_PER_MENU
(
  MEAL_CODE, MENU_CODE
)
VALUES
(
  'MEAL_00037', 'MENU_00046'
);

INSERT
  INTO DM_MEAL_PER_MENU
(
  MEAL_CODE, MENU_CODE
)
VALUES
(
  'MEAL_00037', 'MENU_00052'
);

INSERT
  INTO DM_MEAL_PER_MENU
(
  MEAL_CODE, MENU_CODE
)
VALUES
(
  'MEAL_00037', 'MENU_00060'
);

INSERT
  INTO DM_MEAL_PER_MENU
(
  MEAL_CODE, MENU_CODE
)
VALUES
(
  'MEAL_00038', 'MENU_00036'
);

INSERT
  INTO DM_MEAL_PER_MENU
(
  MEAL_CODE, MENU_CODE
)
VALUES
(
  'MEAL_00038', 'MENU_00044'
);

INSERT
  INTO DM_MEAL_PER_MENU
(
  MEAL_CODE, MENU_CODE
)
VALUES
(
  'MEAL_00038', 'MENU_00049'
);

INSERT
  INTO DM_MEAL_PER_MENU
(
  MEAL_CODE, MENU_CODE
)
VALUES
(
  'MEAL_00038', 'MENU_00053'
);

INSERT
  INTO DM_MEAL_PER_MENU
(
  MEAL_CODE, MENU_CODE
)
VALUES
(
  'MEAL_00038', 'MENU_00060'
);

INSERT
  INTO DM_MEAL_PER_MENU
(
  MEAL_CODE, MENU_CODE
)
VALUES
(
  'MEAL_00039', 'MENU_00037'
);

INSERT
  INTO DM_MEAL_PER_MENU
(
  MEAL_CODE, MENU_CODE
)
VALUES
(
  'MEAL_00039', 'MENU_00041'
);

INSERT
  INTO DM_MEAL_PER_MENU
(
  MEAL_CODE, MENU_CODE
)
VALUES
(
  'MEAL_00039', 'MENU_00049'
);

INSERT
  INTO DM_MEAL_PER_MENU
(
  MEAL_CODE, MENU_CODE
)
VALUES
(
  'MEAL_00039', 'MENU_00054'
);

INSERT
  INTO DM_MEAL_PER_MENU
(
  MEAL_CODE, MENU_CODE
)
VALUES
(
  'MEAL_00039', 'MENU_00059'
);

INSERT
  INTO DM_MEAL_PER_MENU
(
  MEAL_CODE, MENU_CODE
)
VALUES
(
  'MEAL_00040', 'MENU_00035'
);

INSERT
  INTO DM_MEAL_PER_MENU
(
  MEAL_CODE, MENU_CODE
)
VALUES
(
  'MEAL_00040', 'MENU_00040'
);

INSERT
  INTO DM_MEAL_PER_MENU
(
  MEAL_CODE, MENU_CODE
)
VALUES
(
  'MEAL_00040', 'MENU_00045'
);

INSERT
  INTO DM_MEAL_PER_MENU
(
  MEAL_CODE, MENU_CODE
)
VALUES
(
  'MEAL_00040', 'MENU_00054'
);

INSERT
  INTO DM_MEAL_PER_MENU
(
  MEAL_CODE, MENU_CODE
)
VALUES
(
  'MEAL_00040', 'MENU_00059'
);

INSERT
  INTO DM_MEAL_PER_MENU
(
  MEAL_CODE, MENU_CODE
)
VALUES
(
  'MEAL_00041', 'MENU_00062'
);

INSERT
  INTO DM_MEAL_PER_MENU
(
  MEAL_CODE, MENU_CODE
)
VALUES
(
  'MEAL_00041', 'MENU_00063'
);

INSERT
  INTO DM_MEAL_PER_MENU
(
  MEAL_CODE, MENU_CODE
)
VALUES
(
  'MEAL_00041', 'MENU_00064'
);

INSERT
  INTO DM_MEAL_PER_MENU
(
  MEAL_CODE, MENU_CODE
)
VALUES
(
  'MEAL_00041', 'MENU_00065'
);

INSERT
  INTO DM_MEAL_PER_MENU
(
  MEAL_CODE, MENU_CODE
)
VALUES
(
  'MEAL_00041', 'MENU_00066'
);

INSERT
  INTO DM_MEAL_PER_MENU
(
  MEAL_CODE, MENU_CODE
)
VALUES
(
  'MEAL_00042', 'MENU_00067'
);

INSERT
  INTO DM_MEAL_PER_MENU
(
  MEAL_CODE, MENU_CODE
)
VALUES
(
  'MEAL_00042', 'MENU_00068'
);

INSERT
  INTO DM_MEAL_PER_MENU
(
  MEAL_CODE, MENU_CODE
)
VALUES
(
  'MEAL_00042', 'MENU_00069'
);

INSERT
  INTO DM_MEAL_PER_MENU
(
  MEAL_CODE, MENU_CODE
)
VALUES
(
  'MEAL_00042', 'MENU_00070'
);

INSERT
  INTO DM_MEAL_PER_MENU
(
  MEAL_CODE, MENU_CODE
)
VALUES
(
  'MEAL_00042', 'MENU_00071'
);

INSERT
  INTO DM_MEAL_PER_MENU
(
  MEAL_CODE, MENU_CODE
)
VALUES
(
  'MEAL_00042', 'MENU_00072'
);

INSERT
  INTO DM_MEAL_PER_MENU
(
  MEAL_CODE, MENU_CODE
)
VALUES
(
  'MEAL_00043', 'MENU_00068'
);

INSERT
  INTO DM_MEAL_PER_MENU
(
  MEAL_CODE, MENU_CODE
)
VALUES
(
  'MEAL_00043', 'MENU_00074'
);

INSERT
  INTO DM_MEAL_PER_MENU
(
  MEAL_CODE, MENU_CODE
)
VALUES
(
  'MEAL_00043', 'MENU_00075'
);

INSERT
  INTO DM_MEAL_PER_MENU
(
  MEAL_CODE, MENU_CODE
)
VALUES
(
  'MEAL_00043', 'MENU_00035'
);

INSERT
  INTO DM_MEAL_PER_MENU
(
  MEAL_CODE, MENU_CODE
)
VALUES
(
  'MEAL_00043', 'MENU_00077'
);

INSERT
  INTO DM_MEAL_PER_MENU
(
  MEAL_CODE, MENU_CODE
)
VALUES
(
  'MEAL_00044', 'MENU_00078'
);

INSERT
  INTO DM_MEAL_PER_MENU
(
  MEAL_CODE, MENU_CODE
)
VALUES
(
  'MEAL_00044', 'MENU_00079'
);

INSERT
  INTO DM_MEAL_PER_MENU
(
  MEAL_CODE, MENU_CODE
)
VALUES
(
  'MEAL_00044', 'MENU_00080'
);

INSERT
  INTO DM_MEAL_PER_MENU
(
  MEAL_CODE, MENU_CODE
)
VALUES
(
  'MEAL_00044', 'MENU_00081'
);

INSERT
  INTO DM_MEAL_PER_MENU
(
  MEAL_CODE, MENU_CODE
)
VALUES
(
  'MEAL_00044', 'MENU_00082'
);

INSERT
  INTO DM_MEAL_PER_MENU
(
  MEAL_CODE, MENU_CODE
)
VALUES
(
  'MEAL_00045', 'MENU_00083'
);

INSERT
  INTO DM_MEAL_PER_MENU
(
  MEAL_CODE, MENU_CODE
)
VALUES
(
  'MEAL_00045', 'MENU_00084'
);

INSERT
  INTO DM_MEAL_PER_MENU
(
  MEAL_CODE, MENU_CODE
)
VALUES
(
  'MEAL_00045', 'MENU_00085'
);

INSERT
  INTO DM_MEAL_PER_MENU
(
  MEAL_CODE, MENU_CODE
)
VALUES
(
  'MEAL_00045', 'MENU_00086'
);

INSERT
  INTO DM_MEAL_PER_MENU
(
  MEAL_CODE, MENU_CODE
)
VALUES
(
  'MEAL_00045', 'MENU_00087'
);

INSERT
  INTO DM_MEAL_PER_MENU
(
  MEAL_CODE, MENU_CODE
)
VALUES
(
  'MEAL_00046', 'MENU_00088'
);

INSERT
  INTO DM_MEAL_PER_MENU
(
  MEAL_CODE, MENU_CODE
)
VALUES
(
  'MEAL_00046', 'MENU_00089'
);

INSERT
  INTO DM_MEAL_PER_MENU
(
  MEAL_CODE, MENU_CODE
)
VALUES
(
  'MEAL_00046', 'MENU_00090'
);

INSERT
  INTO DM_MEAL_PER_MENU
(
  MEAL_CODE, MENU_CODE
)
VALUES
(
  'MEAL_00046', 'MENU_00091'
);

INSERT
  INTO DM_MEAL_PER_MENU
(
  MEAL_CODE, MENU_CODE
)
VALUES
(
  'MEAL_00046', 'MENU_00092'
);

INSERT
  INTO DM_MEAL_PER_MENU
(
  MEAL_CODE, MENU_CODE
)
VALUES
(
  'MEAL_00047', 'MENU_00093'
);

INSERT
  INTO DM_MEAL_PER_MENU
(
  MEAL_CODE, MENU_CODE
)
VALUES
(
  'MEAL_00047', 'MENU_00094'
);

INSERT
  INTO DM_MEAL_PER_MENU
(
  MEAL_CODE, MENU_CODE
)
VALUES
(
  'MEAL_00047', 'MENU_00095'
);

INSERT
  INTO DM_MEAL_PER_MENU
(
  MEAL_CODE, MENU_CODE
)
VALUES
(
  'MEAL_00047', 'MENU_00096'
);

INSERT
  INTO DM_MEAL_PER_MENU
(
  MEAL_CODE, MENU_CODE
)
VALUES
(
  'MEAL_00047', 'MENU_00082'
);

INSERT
  INTO DM_MEAL_PER_MENU
(
  MEAL_CODE, MENU_CODE
)
VALUES
(
  'MEAL_00048', 'MENU_00098'
);

INSERT
  INTO DM_MEAL_PER_MENU
(
  MEAL_CODE, MENU_CODE
)
VALUES
(
  'MEAL_00048', 'MENU_00002'
);

INSERT
  INTO DM_MEAL_PER_MENU
(
  MEAL_CODE, MENU_CODE
)
VALUES
(
  'MEAL_00048', 'MENU_00100'
);

INSERT
  INTO DM_MEAL_PER_MENU
(
  MEAL_CODE, MENU_CODE
)
VALUES
(
  'MEAL_00048', 'MENU_00101'
);

INSERT
  INTO DM_MEAL_PER_MENU
(
  MEAL_CODE, MENU_CODE
)
VALUES
(
  'MEAL_00048', 'MENU_00102'
);

INSERT
  INTO DM_MEAL_PER_MENU
(
  MEAL_CODE, MENU_CODE
)
VALUES
(
  'MEAL_00049', 'MENU_00103'
);

INSERT
  INTO DM_MEAL_PER_MENU
(
  MEAL_CODE, MENU_CODE
)
VALUES
(
  'MEAL_00049', 'MENU_00104'
);

INSERT
  INTO DM_MEAL_PER_MENU
(
  MEAL_CODE, MENU_CODE
)
VALUES
(
  'MEAL_00049', 'MENU_00105'
);

INSERT
  INTO DM_MEAL_PER_MENU
(
  MEAL_CODE, MENU_CODE
)
VALUES
(
  'MEAL_00049', 'MENU_00106'
);

INSERT
  INTO DM_MEAL_PER_MENU
(
  MEAL_CODE, MENU_CODE
)
VALUES
(
  'MEAL_00049', 'MENU_00107'
);

INSERT
  INTO DM_MEAL_PER_MENU
(
  MEAL_CODE, MENU_CODE
)
VALUES
(
  'MEAL_00050', 'MENU_00108'
);

INSERT
  INTO DM_MEAL_PER_MENU
(
  MEAL_CODE, MENU_CODE
)
VALUES
(
  'MEAL_00051', 'MENU_00109'
);

INSERT
  INTO DM_MEAL_PER_MENU
(
  MEAL_CODE, MENU_CODE
)
VALUES
(
  'MEAL_00051', 'MENU_00110'
);

INSERT
  INTO DM_MEAL_PER_MENU
(
  MEAL_CODE, MENU_CODE
)
VALUES
(
  'MEAL_00052', 'MENU_00111'
);

INSERT
  INTO DM_MEAL_PER_MENU
(
  MEAL_CODE, MENU_CODE
)
VALUES
(
  'MEAL_00053', 'MENU_00112'
);

INSERT
  INTO DM_MEAL_PER_MENU
(
  MEAL_CODE, MENU_CODE
)
VALUES
(
  'MEAL_00053', 'MENU_00113'
);

INSERT
  INTO DM_MEAL_PER_MENU
(
  MEAL_CODE, MENU_CODE
)
VALUES
(
  'MEAL_00054', 'MENU_00114'
);

INSERT
  INTO DM_MEAL_PER_MENU
(
  MEAL_CODE, MENU_CODE
)
VALUES
(
  'MEAL_00055', 'MENU_00115'
);

INSERT
  INTO DM_MEAL_PER_MENU
(
  MEAL_CODE, MENU_CODE
)
VALUES
(
  'MEAL_00055', 'MENU_00116'
);

INSERT
  INTO DM_MEAL_PER_MENU
(
  MEAL_CODE, MENU_CODE
)
VALUES
(
  'MEAL_00055', 'MENU_00002'
);

INSERT
  INTO DM_MEAL_PER_MENU
(
  MEAL_CODE, MENU_CODE
)
VALUES
(
  'MEAL_00055', 'MENU_00118'
);

INSERT
  INTO DM_MEAL_PER_MENU
(
  MEAL_CODE, MENU_CODE
)
VALUES
(
  'MEAL_00055', 'MENU_00087'
);

INSERT
  INTO DM_MEAL_PER_MENU
(
  MEAL_CODE, MENU_CODE
)
VALUES
(
  'MEAL_00056', 'MENU_00120'
);

INSERT
  INTO DM_MEAL_PER_MENU
(
  MEAL_CODE, MENU_CODE
)
VALUES
(
  'MEAL_00056', 'MENU_00068'
);

INSERT
  INTO DM_MEAL_PER_MENU
(
  MEAL_CODE, MENU_CODE
)
VALUES
(
  'MEAL_00056', 'MENU_00122'
);

INSERT
  INTO DM_MEAL_PER_MENU
(
  MEAL_CODE, MENU_CODE
)
VALUES
(
  'MEAL_00056', 'MENU_00123'
);

INSERT
  INTO DM_MEAL_PER_MENU
(
  MEAL_CODE, MENU_CODE
)
VALUES
(
  'MEAL_00056', 'MENU_00037'
);

INSERT
  INTO DM_MEAL_PER_MENU
(
  MEAL_CODE, MENU_CODE
)
VALUES
(
  'MEAL_00057', 'MENU_00125'
);

INSERT
  INTO DM_MEAL_PER_MENU
(
  MEAL_CODE, MENU_CODE
)
VALUES
(
  'MEAL_00057', 'MENU_00068'
);

INSERT
  INTO DM_MEAL_PER_MENU
(
  MEAL_CODE, MENU_CODE
)
VALUES
(
  'MEAL_00057', 'MENU_00127'
);

INSERT
  INTO DM_MEAL_PER_MENU
(
  MEAL_CODE, MENU_CODE
)
VALUES
(
  'MEAL_00057', 'MENU_00128'
);

INSERT
  INTO DM_MEAL_PER_MENU
(
  MEAL_CODE, MENU_CODE
)
VALUES
(
  'MEAL_00057', 'MENU_00129'
);

INSERT
  INTO DM_MEAL_PER_MENU
(
  MEAL_CODE, MENU_CODE
)
VALUES
(
  'MEAL_00057', 'MENU_00035'
);

INSERT
  INTO DM_MEAL_PER_MENU
(
  MEAL_CODE, MENU_CODE
)
VALUES
(
  'MEAL_00058', 'MENU_00131'
);

INSERT
  INTO DM_MEAL_PER_MENU
(
  MEAL_CODE, MENU_CODE
)
VALUES
(
  'MEAL_00058', 'MENU_00132'
);

INSERT
  INTO DM_MEAL_PER_MENU
(
  MEAL_CODE, MENU_CODE
)
VALUES
(
  'MEAL_00059', 'MENU_00133'
);

INSERT
  INTO DM_MEAL_PER_MENU
(
  MEAL_CODE, MENU_CODE
)
VALUES
(
  'MEAL_00059', 'MENU_00134'
);

INSERT
  INTO DM_MEAL_PER_MENU
(
  MEAL_CODE, MENU_CODE
)
VALUES
(
  'MEAL_00059', 'MENU_00135'
);

INSERT
  INTO DM_MEAL_PER_MENU
(
  MEAL_CODE, MENU_CODE
)
VALUES
(
  'MEAL_00059', 'MENU_00136'
);

INSERT
  INTO DM_MEAL_PER_MENU
(
  MEAL_CODE, MENU_CODE
)
VALUES
(
  'MEAL_00059', 'MENU_00039'
);

INSERT
  INTO DM_MEAL_PER_MENU
(
  MEAL_CODE, MENU_CODE
)
VALUES
(
  'MEAL_00060', 'MENU_00138'
);

INSERT
  INTO DM_MEAL_PER_MENU
(
  MEAL_CODE, MENU_CODE
)
VALUES
(
  'MEAL_00060', 'MENU_00068'
);

INSERT
  INTO DM_MEAL_PER_MENU
(
  MEAL_CODE, MENU_CODE
)
VALUES
(
  'MEAL_00060', 'MENU_00140'
);

INSERT
  INTO DM_MEAL_PER_MENU
(
  MEAL_CODE, MENU_CODE
)
VALUES
(
  'MEAL_00060', 'MENU_00141'
);

INSERT
  INTO DM_MEAL_PER_MENU
(
  MEAL_CODE, MENU_CODE
)
VALUES
(
  'MEAL_00060', 'MENU_00142'
);

INSERT
  INTO DM_MEAL_PER_MENU
(
  MEAL_CODE, MENU_CODE
)
VALUES
(
  'MEAL_00060', 'MENU_00037'
);

INSERT
  INTO DM_MEAL_PER_MENU
(
  MEAL_CODE, MENU_CODE
)
VALUES
(
  'MEAL_00061', 'MENU_00144'
);

INSERT
  INTO DM_MEAL_PER_MENU
(
  MEAL_CODE, MENU_CODE
)
VALUES
(
  'MEAL_00061', 'MENU_00145'
);

INSERT
  INTO DM_MEAL_PER_MENU
(
  MEAL_CODE, MENU_CODE
)
VALUES
(
  'MEAL_00062', 'MENU_00146'
);

INSERT
  INTO DM_MEAL_PER_MENU
(
  MEAL_CODE, MENU_CODE
)
VALUES
(
  'MEAL_00062', 'MENU_00147'
);

INSERT
  INTO DM_MEAL_PER_MENU
(
  MEAL_CODE, MENU_CODE
)
VALUES
(
  'MEAL_00062', 'MENU_00148'
);

INSERT
  INTO DM_MEAL_PER_MENU
(
  MEAL_CODE, MENU_CODE
)
VALUES
(
  'MEAL_00063', 'MENU_00149'
);

INSERT
  INTO DM_MEAL_PER_MENU
(
  MEAL_CODE, MENU_CODE
)
VALUES
(
  'MEAL_00063', 'MENU_00150'
);

INSERT
  INTO DM_MEAL_PER_MENU
(
  MEAL_CODE, MENU_CODE
)
VALUES
(
  'MEAL_00063', 'MENU_00151'
);

INSERT
  INTO DM_MEAL_PER_MENU
(
  MEAL_CODE, MENU_CODE
)
VALUES
(
  'MEAL_00064', 'MENU_00152'
);

INSERT
  INTO DM_MEAL_PER_MENU
(
  MEAL_CODE, MENU_CODE
)
VALUES
(
  'MEAL_00064', 'MENU_00153'
);

INSERT
  INTO DM_MEAL_PER_MENU
(
  MEAL_CODE, MENU_CODE
)
VALUES
(
  'MEAL_00064', 'MENU_00154'
);

INSERT
  INTO DM_MEAL_PER_MENU
(
  MEAL_CODE, MENU_CODE
)
VALUES
(
  'MEAL_00065', 'MENU_00155'
);

INSERT
  INTO DM_MEAL_PER_MENU
(
  MEAL_CODE, MENU_CODE
)
VALUES
(
  'MEAL_00065', 'MENU_00156'
);

INSERT
  INTO DM_MEAL_PER_MENU
(
  MEAL_CODE, MENU_CODE
)
VALUES
(
  'MEAL_00065', 'MENU_00157'
);

INSERT
  INTO DM_MEAL_PER_MENU
(
  MEAL_CODE, MENU_CODE
)
VALUES
(
  'MEAL_00066', 'MENU_00158'
);

INSERT
  INTO DM_MEAL_PER_MENU
(
  MEAL_CODE, MENU_CODE
)
VALUES
(
  'MEAL_00066', 'MENU_00159'
);

INSERT
  INTO DM_MEAL_PER_MENU
(
  MEAL_CODE, MENU_CODE
)
VALUES
(
  'MEAL_00066', 'MENU_00068'
);

INSERT
  INTO DM_MEAL_PER_MENU
(
  MEAL_CODE, MENU_CODE
)
VALUES
(
  'MEAL_00066', 'MENU_00161'
);

INSERT
  INTO DM_MEAL_PER_MENU
(
  MEAL_CODE, MENU_CODE
)
VALUES
(
  'MEAL_00067', 'MENU_00162'
);

INSERT
  INTO DM_MEAL_PER_MENU
(
  MEAL_CODE, MENU_CODE
)
VALUES
(
  'MEAL_00067', 'MENU_00153'
);

INSERT
  INTO DM_MEAL_PER_MENU
(
  MEAL_CODE, MENU_CODE
)
VALUES
(
  'MEAL_00067', 'MENU_00145'
);

INSERT
  INTO DM_MEAL_PER_MENU
(
  MEAL_CODE, MENU_CODE
)
VALUES
(
  'MEAL_00068', 'MENU_00163'
);

INSERT
  INTO DM_MEAL_PER_MENU
(
  MEAL_CODE, MENU_CODE
)
VALUES
(
  'MEAL_00068', 'MENU_00164'
);

INSERT
  INTO DM_MEAL_PER_MENU
(
  MEAL_CODE, MENU_CODE
)
VALUES
(
  'MEAL_00068', 'MENU_00068'
);

INSERT
  INTO DM_MEAL_PER_MENU
(
  MEAL_CODE, MENU_CODE
)
VALUES
(
  'MEAL_00068', 'MENU_00165'
);

INSERT
  INTO DM_MEAL_PER_MENU
(
  MEAL_CODE, MENU_CODE
)
VALUES
(
  'MEAL_00069', 'MENU_00166'
);

INSERT
  INTO DM_MEAL_PER_MENU
(
  MEAL_CODE, MENU_CODE
)
VALUES
(
  'MEAL_00069', 'MENU_00164'
);

INSERT
  INTO DM_MEAL_PER_MENU
(
  MEAL_CODE, MENU_CODE
)
VALUES
(
  'MEAL_00069', 'MENU_00167'
);

INSERT
  INTO DM_MEAL_PER_MENU
(
  MEAL_CODE, MENU_CODE
)
VALUES
(
  'MEAL_00070', 'MENU_00168'
);

INSERT
  INTO DM_MEAL_PER_MENU
(
  MEAL_CODE, MENU_CODE
)
VALUES
(
  'MEAL_00070', 'MENU_00159'
);

INSERT
  INTO DM_MEAL_PER_MENU
(
  MEAL_CODE, MENU_CODE
)
VALUES
(
  'MEAL_00070', 'MENU_00161'
);

INSERT
  INTO DM_MEAL_PER_MENU
(
  MEAL_CODE, MENU_CODE
)
VALUES
(
  'MEAL_00071', 'MENU_00169'
);

INSERT
  INTO DM_MEAL_PER_MENU
(
  MEAL_CODE, MENU_CODE
)
VALUES
(
  'MEAL_00071', 'MENU_00150'
);

INSERT
  INTO DM_MEAL_PER_MENU
(
  MEAL_CODE, MENU_CODE
)
VALUES
(
  'MEAL_00071', 'MENU_00170'
);

INSERT
  INTO DM_MEAL_PER_MENU
(
  MEAL_CODE, MENU_CODE
)
VALUES
(
  'MEAL_00072', 'MENU_00171'
);

INSERT
  INTO DM_MEAL_PER_MENU
(
  MEAL_CODE, MENU_CODE
)
VALUES
(
  'MEAL_00072', 'MENU_00172'
);

INSERT
  INTO DM_MEAL_PER_MENU
(
  MEAL_CODE, MENU_CODE
)
VALUES
(
  'MEAL_00072', 'MENU_00173'
);

INSERT
  INTO DM_MEAL_PER_MENU
(
  MEAL_CODE, MENU_CODE
)
VALUES
(
  'MEAL_00073', 'MENU_00174'
);

INSERT
  INTO DM_MEAL_PER_MENU
(
  MEAL_CODE, MENU_CODE
)
VALUES
(
  'MEAL_00073', 'MENU_00175'
);

INSERT
  INTO DM_MEAL_PER_MENU
(
  MEAL_CODE, MENU_CODE
)
VALUES
(
  'MEAL_00073', 'MENU_00042'
);

INSERT
  INTO DM_MEAL_PER_MENU
(
  MEAL_CODE, MENU_CODE
)
VALUES
(
  'MEAL_00074', 'MENU_00068'
);

INSERT
  INTO DM_MEAL_PER_MENU
(
  MEAL_CODE, MENU_CODE
)
VALUES
(
  'MEAL_00074', 'MENU_00159'
);

INSERT
  INTO DM_MEAL_PER_MENU
(
  MEAL_CODE, MENU_CODE
)
VALUES
(
  'MEAL_00074', 'MENU_00048'
);

INSERT
  INTO DM_MEAL_PER_MENU
(
  MEAL_CODE, MENU_CODE
)
VALUES
(
  'MEAL_00074', 'MENU_00161'
);

INSERT
  INTO DM_MEAL_PER_MENU
(
  MEAL_CODE, MENU_CODE
)
VALUES
(
  'MEAL_00075', 'MENU_00178'
);

INSERT
  INTO DM_MEAL_PER_MENU
(
  MEAL_CODE, MENU_CODE
)
VALUES
(
  'MEAL_00075', 'MENU_00179'
);

INSERT
  INTO DM_MEAL_PER_MENU
(
  MEAL_CODE, MENU_CODE
)
VALUES
(
  'MEAL_00075', 'MENU_00154'
);

INSERT
  INTO DM_MEAL_PER_MENU
(
  MEAL_CODE, MENU_CODE
)
VALUES
(
  'MEAL_00076', 'MENU_00068'
);

INSERT
  INTO DM_MEAL_PER_MENU
(
  MEAL_CODE, MENU_CODE
)
VALUES
(
  'MEAL_00076', 'MENU_00163'
);

INSERT
  INTO DM_MEAL_PER_MENU
(
  MEAL_CODE, MENU_CODE
)
VALUES
(
  'MEAL_00076', 'MENU_00042'
);

INSERT
  INTO DM_MEAL_PER_MENU
(
  MEAL_CODE, MENU_CODE
)
VALUES
(
  'MEAL_00076', 'MENU_00180'
);

INSERT
  INTO DM_MEAL_PER_MENU
(
  MEAL_CODE, MENU_CODE
)
VALUES
(
  'MEAL_00077', 'MENU_00181'
);

INSERT
  INTO DM_MEAL_PER_MENU
(
  MEAL_CODE, MENU_CODE
)
VALUES
(
  'MEAL_00077', 'MENU_00156'
);

INSERT
  INTO DM_MEAL_PER_MENU
(
  MEAL_CODE, MENU_CODE
)
VALUES
(
  'MEAL_00077', 'MENU_00182'
);

INSERT
  INTO DM_MEAL_PER_MENU
(
  MEAL_CODE, MENU_CODE
)
VALUES
(
  'MEAL_00078', 'MENU_00183'
);

INSERT
  INTO DM_MEAL_PER_MENU
(
  MEAL_CODE, MENU_CODE
)
VALUES
(
  'MEAL_00078', 'MENU_00179'
);

INSERT
  INTO DM_MEAL_PER_MENU
(
  MEAL_CODE, MENU_CODE
)
VALUES
(
  'MEAL_00078', 'MENU_00154'
);

INSERT
  INTO DM_MEAL_PER_MENU
(
  MEAL_CODE, MENU_CODE
)
VALUES
(
  'MEAL_00079', 'MENU_00170'
);

INSERT
  INTO DM_MEAL_PER_MENU
(
  MEAL_CODE, MENU_CODE
)
VALUES
(
  'MEAL_00079', 'MENU_00048'
);

INSERT
  INTO DM_MEAL_PER_MENU
(
  MEAL_CODE, MENU_CODE
)
VALUES
(
  'MEAL_00079', 'MENU_00184'
);

INSERT
  INTO DM_MEAL_PER_MENU
(
  MEAL_CODE, MENU_CODE
)
VALUES
(
  'MEAL_00079', 'MENU_00185'
);

INSERT
  INTO DM_MEAL_PER_MENU
(
  MEAL_CODE, MENU_CODE
)
VALUES
(
  'MEAL_00080', 'MENU_00151'
);

INSERT
  INTO DM_MEAL_PER_MENU
(
  MEAL_CODE, MENU_CODE
)
VALUES
(
  'MEAL_00080', 'MENU_00161'
);

INSERT
  INTO DM_MEAL_PER_MENU
(
  MEAL_CODE, MENU_CODE
)
VALUES
(
  'MEAL_00080', 'MENU_00186'
);

INSERT
  INTO DM_MEAL_PER_MENU
(
  MEAL_CODE, MENU_CODE
)
VALUES
(
  'MEAL_00080', 'MENU_00043'
);

INSERT
  INTO DM_MEAL_PER_MENU
(
  MEAL_CODE, MENU_CODE
)
VALUES
(
  'MEAL_00081', 'MENU_00188'
);

INSERT
  INTO DM_MEAL_PER_MENU
(
  MEAL_CODE, MENU_CODE
)
VALUES
(
  'MEAL_00081', 'MENU_00189'
);

INSERT
  INTO DM_MEAL_PER_MENU
(
  MEAL_CODE, MENU_CODE
)
VALUES
(
  'MEAL_00081', 'MENU_00190'
);

INSERT
  INTO DM_MEAL_PER_MENU
(
  MEAL_CODE, MENU_CODE
)
VALUES
(
  'MEAL_00081', 'MENU_00035'
);

INSERT
  INTO DM_MEAL_PER_MENU
(
  MEAL_CODE, MENU_CODE
)
VALUES
(
  'MEAL_00082', 'MENU_00192'
);

INSERT
  INTO DM_MEAL_PER_MENU
(
  MEAL_CODE, MENU_CODE
)
VALUES
(
  'MEAL_00082', 'MENU_00193'
);

INSERT
  INTO DM_MEAL_PER_MENU
(
  MEAL_CODE, MENU_CODE
)
VALUES
(
  'MEAL_00082', 'MENU_00194'
);

INSERT
  INTO DM_MEAL_PER_MENU
(
  MEAL_CODE, MENU_CODE
)
VALUES
(
  'MEAL_00082', 'MENU_00195'
);

INSERT
  INTO DM_MEAL_PER_MENU
(
  MEAL_CODE, MENU_CODE
)
VALUES
(
  'MEAL_00083', 'MENU_00196'
);

INSERT
  INTO DM_MEAL_PER_MENU
(
  MEAL_CODE, MENU_CODE
)
VALUES
(
  'MEAL_00083', 'MENU_00197'
);

INSERT
  INTO DM_MEAL_PER_MENU
(
  MEAL_CODE, MENU_CODE
)
VALUES
(
  'MEAL_00083', 'MENU_00198'
);

INSERT
  INTO DM_MEAL_PER_MENU
(
  MEAL_CODE, MENU_CODE
)
VALUES
(
  'MEAL_00083', 'MENU_00199'
);

INSERT
  INTO DM_MEAL_PER_MENU
(
  MEAL_CODE, MENU_CODE
)
VALUES
(
  'MEAL_00084', 'MENU_00200'
);

INSERT
  INTO DM_MEAL_PER_MENU
(
  MEAL_CODE, MENU_CODE
)
VALUES
(
  'MEAL_00084', 'MENU_00201'
);

INSERT
  INTO DM_MEAL_PER_MENU
(
  MEAL_CODE, MENU_CODE
)
VALUES
(
  'MEAL_00084', 'MENU_00202'
);

INSERT
  INTO DM_MEAL_PER_MENU
(
  MEAL_CODE, MENU_CODE
)
VALUES
(
  'MEAL_00084', 'MENU_00203'
);

INSERT
  INTO DM_MEAL_PER_MENU
(
  MEAL_CODE, MENU_CODE
)
VALUES
(
  'MEAL_00085', 'MENU_00068'
);

INSERT
  INTO DM_MEAL_PER_MENU
(
  MEAL_CODE, MENU_CODE
)
VALUES
(
  'MEAL_00085', 'MENU_00205'
);

INSERT
  INTO DM_MEAL_PER_MENU
(
  MEAL_CODE, MENU_CODE
)
VALUES
(
  'MEAL_00085', 'MENU_00206'
);

INSERT
  INTO DM_MEAL_PER_MENU
(
  MEAL_CODE, MENU_CODE
)
VALUES
(
  'MEAL_00085', 'MENU_00207'
);

INSERT
  INTO DM_MEAL_PER_MENU
(
  MEAL_CODE, MENU_CODE
)
VALUES
(
  'MEAL_00086', 'MENU_00208'
);

INSERT
  INTO DM_MEAL_PER_MENU
(
  MEAL_CODE, MENU_CODE
)
VALUES
(
  'MEAL_00086', 'MENU_00209'
);

INSERT
  INTO DM_MEAL_PER_MENU
(
  MEAL_CODE, MENU_CODE
)
VALUES
(
  'MEAL_00086', 'MENU_00210'
);

INSERT
  INTO DM_MEAL_PER_MENU
(
  MEAL_CODE, MENU_CODE
)
VALUES
(
  'MEAL_00086', 'MENU_00211'
);

INSERT
  INTO DM_MEAL_PER_MENU
(
  MEAL_CODE, MENU_CODE
)
VALUES
(
  'MEAL_00087', 'MENU_00068'
);

INSERT
  INTO DM_MEAL_PER_MENU
(
  MEAL_CODE, MENU_CODE
)
VALUES
(
  'MEAL_00087', 'MENU_00212'
);

INSERT
  INTO DM_MEAL_PER_MENU
(
  MEAL_CODE, MENU_CODE
)
VALUES
(
  'MEAL_00087', 'MENU_00213'
);

INSERT
  INTO DM_MEAL_PER_MENU
(
  MEAL_CODE, MENU_CODE
)
VALUES
(
  'MEAL_00087', 'MENU_00214'
);

INSERT
  INTO DM_MEAL_PER_MENU
(
  MEAL_CODE, MENU_CODE
)
VALUES
(
  'MEAL_00088', 'MENU_00215'
);

INSERT
  INTO DM_MEAL_PER_MENU
(
  MEAL_CODE, MENU_CODE
)
VALUES
(
  'MEAL_00088', 'MENU_00216'
);

INSERT
  INTO DM_MEAL_PER_MENU
(
  MEAL_CODE, MENU_CODE
)
VALUES
(
  'MEAL_00088', 'MENU_00217'
);

INSERT
  INTO DM_MEAL_PER_MENU
(
  MEAL_CODE, MENU_CODE
)
VALUES
(
  'MEAL_00088', 'MENU_00218'
);

INSERT
  INTO DM_MEAL_PER_MENU
(
  MEAL_CODE, MENU_CODE
)
VALUES
(
  'MEAL_00089', 'MENU_00219'
);

INSERT
  INTO DM_MEAL_PER_MENU
(
  MEAL_CODE, MENU_CODE
)
VALUES
(
  'MEAL_00089', 'MENU_00220'
);

INSERT
  INTO DM_MEAL_PER_MENU
(
  MEAL_CODE, MENU_CODE
)
VALUES
(
  'MEAL_00089', 'MENU_00221'
);

INSERT
  INTO DM_MEAL_PER_MENU
(
  MEAL_CODE, MENU_CODE
)
VALUES
(
  'MEAL_00089', 'MENU_00222'
);

INSERT
  INTO DM_MEAL_PER_MENU
(
  MEAL_CODE, MENU_CODE
)
VALUES
(
  'MEAL_00090', 'MENU_00068'
);

INSERT
  INTO DM_MEAL_PER_MENU
(
  MEAL_CODE, MENU_CODE
)
VALUES
(
  'MEAL_00090', 'MENU_00223'
);

INSERT
  INTO DM_MEAL_PER_MENU
(
  MEAL_CODE, MENU_CODE
)
VALUES
(
  'MEAL_00090', 'MENU_00224'
);

INSERT
  INTO DM_MEAL_PER_MENU
(
  MEAL_CODE, MENU_CODE
)
VALUES
(
  'MEAL_00090', 'MENU_00225'
);

INSERT
  INTO DM_MEAL_PER_MENU
(
  MEAL_CODE, MENU_CODE
)
VALUES
(
  'MEAL_00091', 'MENU_00225'
);

INSERT
  INTO DM_MEAL_PER_MENU
(
  MEAL_CODE, MENU_CODE
)
VALUES
(
  'MEAL_00091', 'MENU_00060'
);

INSERT
  INTO DM_MEAL_PER_MENU
(
  MEAL_CODE, MENU_CODE
)
VALUES
(
  'MEAL_00091', 'MENU_00227'
);

INSERT
  INTO DM_MEAL_PER_MENU
(
  MEAL_CODE, MENU_CODE
)
VALUES
(
  'MEAL_00091', 'MENU_00228'
);

INSERT
  INTO DM_MEAL_PER_MENU
(
  MEAL_CODE, MENU_CODE
)
VALUES
(
  'MEAL_00092', 'MENU_00229'
);

INSERT
  INTO DM_MEAL_PER_MENU
(
  MEAL_CODE, MENU_CODE
)
VALUES
(
  'MEAL_00092', 'MENU_00230'
);

INSERT
  INTO DM_MEAL_PER_MENU
(
  MEAL_CODE, MENU_CODE
)
VALUES
(
  'MEAL_00092', 'MENU_00231'
);

INSERT
  INTO DM_MEAL_PER_MENU
(
  MEAL_CODE, MENU_CODE
)
VALUES
(
  'MEAL_00092', 'MENU_00048'
);

INSERT
  INTO DM_MEAL_PER_MENU
(
  MEAL_CODE, MENU_CODE
)
VALUES
(
  'MEAL_00093', 'MENU_00068'
);

INSERT
  INTO DM_MEAL_PER_MENU
(
  MEAL_CODE, MENU_CODE
)
VALUES
(
  'MEAL_00093', 'MENU_00048'
);

INSERT
  INTO DM_MEAL_PER_MENU
(
  MEAL_CODE, MENU_CODE
)
VALUES
(
  'MEAL_00093', 'MENU_00167'
);

INSERT
  INTO DM_MEAL_PER_MENU
(
  MEAL_CODE, MENU_CODE
)
VALUES
(
  'MEAL_00093', 'MENU_00234'
);

INSERT
  INTO DM_MEAL_PER_MENU
(
  MEAL_CODE, MENU_CODE
)
VALUES
(
  'MEAL_00094', 'MENU_00235'
);

INSERT
  INTO DM_MEAL_PER_MENU
(
  MEAL_CODE, MENU_CODE
)
VALUES
(
  'MEAL_00094', 'MENU_00236'
);

INSERT
  INTO DM_MEAL_PER_MENU
(
  MEAL_CODE, MENU_CODE
)
VALUES
(
  'MEAL_00094', 'MENU_00237'
);

INSERT
  INTO DM_MEAL_PER_MENU
(
  MEAL_CODE, MENU_CODE
)
VALUES
(
  'MEAL_00094', 'MENU_00238'
);

INSERT
  INTO DM_MEAL_PER_MENU
(
  MEAL_CODE, MENU_CODE
)
VALUES
(
  'MEAL_00095', 'MENU_00215'
);

INSERT
  INTO DM_MEAL_PER_MENU
(
  MEAL_CODE, MENU_CODE
)
VALUES
(
  'MEAL_00095', 'MENU_00174'
);

INSERT
  INTO DM_MEAL_PER_MENU
(
  MEAL_CODE, MENU_CODE
)
VALUES
(
  'MEAL_00095', 'MENU_00240'
);

INSERT
  INTO DM_MEAL_PER_MENU
(
  MEAL_CODE, MENU_CODE
)
VALUES
(
  'MEAL_00095', 'MENU_00241'
);

INSERT
  INTO DM_MEAL_PER_MENU
(
  MEAL_CODE, MENU_CODE
)
VALUES
(
  'MEAL_00096', 'MENU_00242'
);

INSERT
  INTO DM_MEAL_PER_MENU
(
  MEAL_CODE, MENU_CODE
)
VALUES
(
  'MEAL_00096', 'MENU_00243'
);

INSERT
  INTO DM_MEAL_PER_MENU
(
  MEAL_CODE, MENU_CODE
)
VALUES
(
  'MEAL_00096', 'MENU_00061'
);

INSERT
  INTO DM_MEAL_PER_MENU
(
  MEAL_CODE, MENU_CODE
)
VALUES
(
  'MEAL_00096', 'MENU_00245'
);

INSERT
  INTO DM_MEAL_PER_MENU
(
  MEAL_CODE, MENU_CODE
)
VALUES
(
  'MEAL_00097', 'MENU_00246'
);

INSERT
  INTO DM_MEAL_PER_MENU
(
  MEAL_CODE, MENU_CODE
)
VALUES
(
  'MEAL_00097', 'MENU_00247'
);

INSERT
  INTO DM_MEAL_PER_MENU
(
  MEAL_CODE, MENU_CODE
)
VALUES
(
  'MEAL_00097', 'MENU_00248'
);

INSERT
  INTO DM_MEAL_PER_MENU
(
  MEAL_CODE, MENU_CODE
)
VALUES
(
  'MEAL_00097', 'MENU_00043'
);

INSERT
  INTO DM_MEAL_PER_MENU
(
  MEAL_CODE, MENU_CODE
)
VALUES
(
  'MEAL_00098', 'MENU_00068'
);

INSERT
  INTO DM_MEAL_PER_MENU
(
  MEAL_CODE, MENU_CODE
)
VALUES
(
  'MEAL_00098', 'MENU_00250'
);

INSERT
  INTO DM_MEAL_PER_MENU
(
  MEAL_CODE, MENU_CODE
)
VALUES
(
  'MEAL_00098', 'MENU_00251'
);

INSERT
  INTO DM_MEAL_PER_MENU
(
  MEAL_CODE, MENU_CODE
)
VALUES
(
  'MEAL_00098', 'MENU_00044'
);

INSERT
  INTO DM_MEAL_PER_MENU
(
  MEAL_CODE, MENU_CODE
)
VALUES
(
  'MEAL_00099', 'MENU_00068'
);

INSERT
  INTO DM_MEAL_PER_MENU
(
  MEAL_CODE, MENU_CODE
)
VALUES
(
  'MEAL_00099', 'MENU_00253'
);

INSERT
  INTO DM_MEAL_PER_MENU
(
  MEAL_CODE, MENU_CODE
)
VALUES
(
  'MEAL_00099', 'MENU_00254'
);

INSERT
  INTO DM_MEAL_PER_MENU
(
  MEAL_CODE, MENU_CODE
)
VALUES
(
  'MEAL_00099', 'MENU_00255'
);

INSERT
  INTO DM_MEAL_PER_MENU
(
  MEAL_CODE, MENU_CODE
)
VALUES
(
  'MEAL_00100', 'MENU_00215'
);

INSERT
  INTO DM_MEAL_PER_MENU
(
  MEAL_CODE, MENU_CODE
)
VALUES
(
  'MEAL_00100', 'MENU_00256'
);

INSERT
  INTO DM_MEAL_PER_MENU
(
  MEAL_CODE, MENU_CODE
)
VALUES
(
  'MEAL_00100', 'MENU_00202'
);

INSERT
  INTO DM_MEAL_PER_MENU
(
  MEAL_CODE, MENU_CODE
)
VALUES
(
  'MEAL_00100', 'MENU_00258'
);

INSERT
  INTO DM_BIRTHDAY_MENU
(
  BDMN_CODE, BDMN_NAME, BDMN_ALLERGIE, BDMN_KALINFO, BDMN_NUTRIENT, BDMN_MENU_PIC
)
VALUES
(
  'BDMN_00001', '생일떡', '쌀', 400, '탄수화물35g, 지방44g, 단백질14g', '2ee46ae6dad84598ba0b2a7a70fbbe1d.jpg'
);

INSERT
  INTO DM_BIRTHDAY_MENU
(
  BDMN_CODE, BDMN_NAME, BDMN_ALLERGIE, BDMN_KALINFO, BDMN_NUTRIENT, BDMN_MENU_PIC
)
VALUES
(
  'BDMN_00002', '초코케이크', '밀', 500, '탄수화물52g, 지방60g, 단백질14g', '9fce3431d05e417fba3790a4d5eafbf6.jpg'
);

INSERT
  INTO DM_BIRTHDAY_MENU
(
  BDMN_CODE, BDMN_NAME, BDMN_ALLERGIE, BDMN_KALINFO, BDMN_NUTRIENT, BDMN_MENU_PIC
)
VALUES
(
  'BDMN_00003', '미역국', '새우', 450, '탄수화물72g, 지방86g, 단백질16g', '26123e49a9b745eabf1363326e30dc9e.jpg'
);

INSERT
  INTO DM_MEMBER
(
  MEMBER_CODE, ID, PASSWORD, MEMBER_NAME, MEMBER_BDAY, SUBSCRIPTION_YN, PHONE, GENDER, EMAIL, FREE_TRIAL_YN, POINT, TYPE, SLEEP_YN, ENROLL_DATE, LEAVE_YN, LEAVE_DATE, LAST_MODIFIED_DATE, LAST_LOGGED_IN_DATE, FAV_MENU_CODE, BDAY_MENU_CODE
)
VALUES
(
  'MB_00000001', 'choi_sj', '$2a$10$RVQxLVyzmRJjk1gZcH.M1udH61IMN9O.Ts2.IPYSm364odCGg18RK', '최세정', '1986-02-25', 'Y', '010-1448-4675', 'F', 'choi_sj@gmail.com', 'Y', 3000, 'U', 'N', '2021-07-01', 'N', NULL, NULL, '2022-05-10', NULL, 'BDMN_00001'
);

INSERT
  INTO DM_MEMBER
(
  MEMBER_CODE, ID, PASSWORD, MEMBER_NAME, MEMBER_BDAY, SUBSCRIPTION_YN, PHONE, GENDER, EMAIL, FREE_TRIAL_YN, POINT, TYPE, SLEEP_YN, ENROLL_DATE, LEAVE_YN, LEAVE_DATE, LAST_MODIFIED_DATE, LAST_LOGGED_IN_DATE, FAV_MENU_CODE, BDAY_MENU_CODE
)
VALUES
(
  'MB_00000002', 'an_yc', '$2a$10$RVQxLVyzmRJjk1gZcH.M1udH61IMN9O.Ts2.IPYSm364odCGg18RK', '안영철', '1988-06-06', 'Y', '010-5967-1264', 'M', 'an_yc@gmail.com', 'Y', 200, 'U', 'N', '2021-07-02', 'N', NULL, NULL, '2022-05-11', NULL, 'BDMN_00001'
);

INSERT
  INTO DM_MEMBER
(
  MEMBER_CODE, ID, PASSWORD, MEMBER_NAME, MEMBER_BDAY, SUBSCRIPTION_YN, PHONE, GENDER, EMAIL, FREE_TRIAL_YN, POINT, TYPE, SLEEP_YN, ENROLL_DATE, LEAVE_YN, LEAVE_DATE, LAST_MODIFIED_DATE, LAST_LOGGED_IN_DATE, FAV_MENU_CODE, BDAY_MENU_CODE
)
VALUES
(
  'MB_00000003', 'zeon_jh', '$2a$10$RVQxLVyzmRJjk1gZcH.M1udH61IMN9O.Ts2.IPYSm364odCGg18RK', '전정호', '1986-04-05', 'Y', '010-4567-2145', 'M', 'zeon_jh@gmail.com', 'Y', 2000, 'U', 'N', '2021-07-03', 'N', NULL, NULL, '2022-05-12', NULL, 'BDMN_00001'
);

INSERT
  INTO DM_MEMBER
(
  MEMBER_CODE, ID, PASSWORD, MEMBER_NAME, MEMBER_BDAY, SUBSCRIPTION_YN, PHONE, GENDER, EMAIL, FREE_TRIAL_YN, POINT, TYPE, SLEEP_YN, ENROLL_DATE, LEAVE_YN, LEAVE_DATE, LAST_MODIFIED_DATE, LAST_LOGGED_IN_DATE, FAV_MENU_CODE, BDAY_MENU_CODE
)
VALUES
(
  'MB_00000004', 'kim_yc', '$2a$10$RVQxLVyzmRJjk1gZcH.M1udH61IMN9O.Ts2.IPYSm364odCGg18RK', '김윤창', '1987-05-20', 'Y', '010-7853-1456', 'M', 'kim_yc@gmail.com', 'Y', 2300, 'U', 'N', '2021-07-04', 'N', NULL, NULL, '2022-05-13', NULL, 'BDMN_00002'
);

INSERT
  INTO DM_MEMBER
(
  MEMBER_CODE, ID, PASSWORD, MEMBER_NAME, MEMBER_BDAY, SUBSCRIPTION_YN, PHONE, GENDER, EMAIL, FREE_TRIAL_YN, POINT, TYPE, SLEEP_YN, ENROLL_DATE, LEAVE_YN, LEAVE_DATE, LAST_MODIFIED_DATE, LAST_LOGGED_IN_DATE, FAV_MENU_CODE, BDAY_MENU_CODE
)
VALUES
(
  'MB_00000005', 'hwang_yl', '$2a$10$RVQxLVyzmRJjk1gZcH.M1udH61IMN9O.Ts2.IPYSm364odCGg18RK', '황예림', '1987-08-27', 'N', '010-4823-6987', 'F', 'hwang_yl@gmail.com', 'Y', 1500, 'U', 'N', '2021-06-11', 'N', NULL, NULL, '2022-05-14', NULL, 'BDMN_00003'
);

INSERT
  INTO DM_MEMBER
(
  MEMBER_CODE, ID, PASSWORD, MEMBER_NAME, MEMBER_BDAY, SUBSCRIPTION_YN, PHONE, GENDER, EMAIL, FREE_TRIAL_YN, POINT, TYPE, SLEEP_YN, ENROLL_DATE, LEAVE_YN, LEAVE_DATE, LAST_MODIFIED_DATE, LAST_LOGGED_IN_DATE, FAV_MENU_CODE, BDAY_MENU_CODE
)
VALUES
(
  'MB_00000006', 'na_sj', '$2a$10$RVQxLVyzmRJjk1gZcH.M1udH61IMN9O.Ts2.IPYSm364odCGg18RK', '나세진', '1988-05-19', 'Y', '010-4298-6879', 'M', 'na_sj@gmail.com', 'Y', 1200, 'U', 'N', '2021-07-06', 'N', NULL, NULL, '2022-05-15', NULL, 'BDMN_00002'
);

INSERT
  INTO DM_MEMBER
(
  MEMBER_CODE, ID, PASSWORD, MEMBER_NAME, MEMBER_BDAY, SUBSCRIPTION_YN, PHONE, GENDER, EMAIL, FREE_TRIAL_YN, POINT, TYPE, SLEEP_YN, ENROLL_DATE, LEAVE_YN, LEAVE_DATE, LAST_MODIFIED_DATE, LAST_LOGGED_IN_DATE, FAV_MENU_CODE, BDAY_MENU_CODE
)
VALUES
(
  'MB_00000007', 'han_mw', '$2a$10$RVQxLVyzmRJjk1gZcH.M1udH61IMN9O.Ts2.IPYSm364odCGg18RK', '한민우', '1987-03-09', 'Y', '010-1564-6234', 'M', 'han_mw@gmail.com', 'Y', 600, 'U', 'N', '2021-07-07', 'N', NULL, NULL, '2022-05-16', NULL, 'BDMN_00003'
);

INSERT
  INTO DM_MEMBER
(
  MEMBER_CODE, ID, PASSWORD, MEMBER_NAME, MEMBER_BDAY, SUBSCRIPTION_YN, PHONE, GENDER, EMAIL, FREE_TRIAL_YN, POINT, TYPE, SLEEP_YN, ENROLL_DATE, LEAVE_YN, LEAVE_DATE, LAST_MODIFIED_DATE, LAST_LOGGED_IN_DATE, FAV_MENU_CODE, BDAY_MENU_CODE
)
VALUES
(
  'MB_00000008', 'choi_sb', '$2a$10$RVQxLVyzmRJjk1gZcH.M1udH61IMN9O.Ts2.IPYSm364odCGg18RK', '최성빈', '1987-06-18', 'N', '010-9891-2546', 'M', 'choi_sb@gmail.com', 'Y', 700, 'U', 'N', '2021-06-01', 'N', NULL, NULL, '2021-06-16', NULL, 'BDMN_00001'
);

INSERT
  INTO DM_MEMBER
(
  MEMBER_CODE, ID, PASSWORD, MEMBER_NAME, MEMBER_BDAY, SUBSCRIPTION_YN, PHONE, GENDER, EMAIL, FREE_TRIAL_YN, POINT, TYPE, SLEEP_YN, ENROLL_DATE, LEAVE_YN, LEAVE_DATE, LAST_MODIFIED_DATE, LAST_LOGGED_IN_DATE, FAV_MENU_CODE, BDAY_MENU_CODE
)
VALUES
(
  'MB_00000009', 'jung_sb', '$2a$10$RVQxLVyzmRJjk1gZcH.M1udH61IMN9O.Ts2.IPYSm364odCGg18RK', '정성배', '1987-12-12', 'N', '010-6479-1246', 'M', 'jung_sb@gmail.com', 'N', 1700, 'U', 'N', '2021-07-09', 'N', NULL, NULL, '2022-05-17', NULL, 'BDMN_00002'
);

INSERT
  INTO DM_MEMBER
(
  MEMBER_CODE, ID, PASSWORD, MEMBER_NAME, MEMBER_BDAY, SUBSCRIPTION_YN, PHONE, GENDER, EMAIL, FREE_TRIAL_YN, POINT, TYPE, SLEEP_YN, ENROLL_DATE, LEAVE_YN, LEAVE_DATE, LAST_MODIFIED_DATE, LAST_LOGGED_IN_DATE, FAV_MENU_CODE, BDAY_MENU_CODE
)
VALUES
(
  'MB_00000010', 'jung_ar', '$2a$10$RVQxLVyzmRJjk1gZcH.M1udH61IMN9O.Ts2.IPYSm364odCGg18RK', '정애리', '1988-06-19', 'N', '010-4567-1243', 'F', 'jung_ar@gmail.com', 'Y', 2500, 'U', 'N', '2021-07-10', 'N', NULL, NULL, '2022-05-18', NULL, 'BDMN_00002'
);

INSERT
  INTO DM_MEMBER
(
  MEMBER_CODE, ID, PASSWORD, MEMBER_NAME, MEMBER_BDAY, SUBSCRIPTION_YN, PHONE, GENDER, EMAIL, FREE_TRIAL_YN, POINT, TYPE, SLEEP_YN, ENROLL_DATE, LEAVE_YN, LEAVE_DATE, LAST_MODIFIED_DATE, LAST_LOGGED_IN_DATE, FAV_MENU_CODE, BDAY_MENU_CODE
)
VALUES
(
  'MB_00000011', 'dy_1228', '$2a$10$RVQxLVyzmRJjk1gZcH.M1udH61IMN9O.Ts2.IPYSm364odCGg18RK', '이다영', '2000-12-28', 'N', '010-1228-1228', 'F', 'dy_1228@gamil.com', 'N', 0, 'M', 'N', '2021-07-11', 'N', NULL, NULL, '2022-05-19', NULL, 'BDMN_00003'
);

INSERT
  INTO DM_MEMBER
(
  MEMBER_CODE, ID, PASSWORD, MEMBER_NAME, MEMBER_BDAY, SUBSCRIPTION_YN, PHONE, GENDER, EMAIL, FREE_TRIAL_YN, POINT, TYPE, SLEEP_YN, ENROLL_DATE, LEAVE_YN, LEAVE_DATE, LAST_MODIFIED_DATE, LAST_LOGGED_IN_DATE, FAV_MENU_CODE, BDAY_MENU_CODE
)
VALUES
(
  'MB_00000012', 'code_love', '$2a$10$RVQxLVyzmRJjk1gZcH.M1udH61IMN9O.Ts2.IPYSm364odCGg18RK', '서수찬', '1990-09-09', 'N', '010-9099-9099', 'M', 'code_love@gmail.com', 'N', 5000, 'M', 'N', '2021-07-12', 'N', NULL, NULL, '2022-05-20', NULL, 'BDMN_00003'
);

INSERT
  INTO DM_MEMBER
(
  MEMBER_CODE, ID, PASSWORD, MEMBER_NAME, MEMBER_BDAY, SUBSCRIPTION_YN, PHONE, GENDER, EMAIL, FREE_TRIAL_YN, POINT, TYPE, SLEEP_YN, ENROLL_DATE, LEAVE_YN, LEAVE_DATE, LAST_MODIFIED_DATE, LAST_LOGGED_IN_DATE, FAV_MENU_CODE, BDAY_MENU_CODE
)
VALUES
(
  'MB_00000013', 'kim_ay', '$2a$10$RVQxLVyzmRJjk1gZcH.M1udH61IMN9O.Ts2.IPYSm364odCGg18RK', '김아연', '1988-06-09', 'N', '010-5679-1237', 'F', 'kim_ay@gmail.com', 'Y', 1900, 'U', 'N', '2021-07-13', 'N', NULL, NULL, '2022-05-21', NULL, 'BDMN_00002'
);

INSERT
  INTO DM_PROMOTION
(
  PR_NUMBER, PR_PIC_NAME, PR_DESCRIPTION, PR_URL, PR_CLASSIFICATION
)
VALUES
(
  'PR_00001', '5e7410d226314cb69809de4953d801a2.jpg', '건강한 아침을 구독하세요.', 'http://localhost:8888/delimeal/', 1
);

INSERT
  INTO DM_PROMOTION
(
  PR_NUMBER, PR_PIC_NAME, PR_DESCRIPTION, PR_URL, PR_CLASSIFICATION
)
VALUES
(
  'PR_00002', '5147afd1f8bd4923939499497246b186.jpg', '특별한 아침을 구독하세요.', 'http://localhost:8888/delimeal/', 2
);

INSERT
  INTO DM_PROMOTION
(
  PR_NUMBER, PR_PIC_NAME, PR_DESCRIPTION, PR_URL, PR_CLASSIFICATION
)
VALUES
(
  'PR_00003', 'dd9a049e2dab4e0e96f948c4bcb247d6.jpg', '건강한 습관을 델리밀과 함께하세요.', 'http://localhost:8888/delimeal/', 3
);

INSERT
  INTO DM_COUPON_INFO
(
  CPN_NUMBER, CPN_NAME, CPN_DISCOUNT_RATE, CPN_EXP_DATE, CPN_DESCRIPTION
)
VALUES
(
  'CPN_00001', '신규 가입자 쿠폰', 0.20, NULL, '신규 가입자들을 위한 20% 할인 쿠폰'
);

INSERT
  INTO DM_COUPON_INFO
(
  CPN_NUMBER, CPN_NAME, CPN_DISCOUNT_RATE, CPN_EXP_DATE, CPN_DESCRIPTION
)
VALUES
(
  'CPN_00002', '6월 쿠폰', 0.10, '2022-06-30', '6월의 10% 할인 쿠폰'
);

INSERT
  INTO DM_COUPON_INFO
(
  CPN_NUMBER, CPN_NAME, CPN_DISCOUNT_RATE, CPN_EXP_DATE, CPN_DESCRIPTION
)
VALUES
(
  'CPN_00003', '럭키데이 깜짝 쿠폰', 0.07, '2022-07-07', '7월7일날 발급되는 깜짝 쿠폰'
);

INSERT
  INTO DM_ISSUED_COUPON
(
  ISSUED_CPN_CODE, ISSUED_EXP_DATE, ISSUED_IS_VALIDATE, MEMBER_CODE, CPN_NUMBER
)
VALUES
(
  'ISSUED_CPN_00001', '2022-05-06', 'N', 'MB_00000001', 'CPN_00001'
);

INSERT
  INTO DM_ISSUED_COUPON
(
  ISSUED_CPN_CODE, ISSUED_EXP_DATE, ISSUED_IS_VALIDATE, MEMBER_CODE, CPN_NUMBER
)
VALUES
(
  'ISSUED_CPN_00002', '2022-05-06', 'N', 'MB_00000002', 'CPN_00001'
);

INSERT
  INTO DM_ISSUED_COUPON
(
  ISSUED_CPN_CODE, ISSUED_EXP_DATE, ISSUED_IS_VALIDATE, MEMBER_CODE, CPN_NUMBER
)
VALUES
(
  'ISSUED_CPN_00003', '2022-05-06', 'N', 'MB_00000003', 'CPN_00001'
);

INSERT
  INTO DM_ISSUED_COUPON
(
  ISSUED_CPN_CODE, ISSUED_EXP_DATE, ISSUED_IS_VALIDATE, MEMBER_CODE, CPN_NUMBER
)
VALUES
(
  'ISSUED_CPN_00004', '2023-06-08', 'Y', 'MB_00000004', 'CPN_00001'
);

INSERT
  INTO DM_DELIVERY_ADDR
(
  ADDR_CODE, ADDR_NAME, ADDR_ZIPCODE, ADDR, ADDR_DETAIL, DELIVERY_REQ, MEMBER_CODE
)
VALUES
(
  'ADDR_00001','집',11938,'경기도 구리시 장자대로37번길 55','덕현아파트 104동 204호','현관 앞에 놔주세요','MB_00000001'
);

INSERT
  INTO DM_DELIVERY_ADDR
(
  ADDR_CODE, ADDR_NAME, ADDR_ZIPCODE, ADDR, ADDR_DETAIL, DELIVERY_REQ, MEMBER_CODE
)
VALUES
(
  'ADDR_00002','집',14506,'경기도 부천시 상동로 186','다정한마을 2130-1104','공동현관 4603','MB_00000002'
);

INSERT
  INTO DM_DELIVERY_ADDR
(
  ADDR_CODE, ADDR_NAME, ADDR_ZIPCODE, ADDR, ADDR_DETAIL, DELIVERY_REQ, MEMBER_CODE
)
VALUES
(
  'ADDR_00003','집',11938,'경기도 구리시 장자대로37번길 55','덕현아파트 104동 204호','현관 앞에 놔주세요','MB_00000003'
);

INSERT
  INTO DM_DELIVERY_ADDR
(
  ADDR_CODE, ADDR_NAME, ADDR_ZIPCODE, ADDR, ADDR_DETAIL, DELIVERY_REQ, MEMBER_CODE
)
VALUES
(
  'ADDR_00004','집',14589,'경기도 부천시 조마루로105번길 8-25','201호','공동현관 3543','MB_00000004'
);

INSERT
  INTO DM_DELIVERY_ADDR
(
  ADDR_CODE, ADDR_NAME, ADDR_ZIPCODE, ADDR, ADDR_DETAIL, DELIVERY_REQ, MEMBER_CODE
)
VALUES
(
  'ADDR_00005','집',11938,'경기도 구리시 장자대로37번길 55','덕현아파트 104동 204호','현관 앞에 놔주세요','MB_00000006'
);

INSERT
  INTO DM_DELIVERY_ADDR
(
  ADDR_CODE, ADDR_NAME, ADDR_ZIPCODE, ADDR, ADDR_DETAIL, DELIVERY_REQ, MEMBER_CODE
)
VALUES
(
  'ADDR_00006','집',14506,'서울 양천구 신정로 110','신정숲속마을아파트 103동 802호','현관 앞에 놔주세요','MB_00000007'
);

INSERT
  INTO DM_DELIVERY_ADDR
(
  ADDR_CODE, ADDR_NAME, ADDR_ZIPCODE, ADDR, ADDR_DETAIL, DELIVERY_REQ, MEMBER_CODE
)
VALUES
(
  'ADDR_00007','집',11938,'서울 강서구 강서로 18길 61-6','대주쉐르빌 302호','현관 앞에 놔주세요','MB_00000013'
);

INSERT
  INTO DM_DELIVERY_ADDR
(
  ADDR_CODE, ADDR_NAME, ADDR_ZIPCODE, ADDR, ADDR_DETAIL, DELIVERY_REQ, MEMBER_CODE
)
VALUES
(
  'ADDR_00008','회사',03163,'서울특별시 종로구 인사동길 12','대일빌딩 15층 하이미디어','현관 앞에 놔주세요','MB_00000001'
);

INSERT
  INTO DM_DELIVERY_ADDR
(
  ADDR_CODE, ADDR_NAME, ADDR_ZIPCODE, ADDR, ADDR_DETAIL, DELIVERY_REQ, MEMBER_CODE
)
VALUES
(
  'ADDR_00009','회사',03163,'서울특별시 종로구 인사동길 12','대일빌딩 15층 하이미디어','현관 앞에 놔주세요','MB_00000002'
);

INSERT
  INTO DM_DELIVERY_ADDR
(
  ADDR_CODE, ADDR_NAME, ADDR_ZIPCODE, ADDR, ADDR_DETAIL, DELIVERY_REQ, MEMBER_CODE
)
VALUES
(
  'ADDR_00010','집',12282,'경기도 고양시 일산동 햇살로 행복빌라 301호','','배송후 문자주세요','MB_00000010'
);

INSERT
  INTO DM_PAY_INFO
(
  MEMBER_CODE, PAY_METHOD, USE_DISPOSABLE_YN, ADDR_CODE
)
VALUES
(
  'MB_00000001','PAYCO','Y','ADDR_00001'
);

INSERT
  INTO DM_PAY_INFO
(
  MEMBER_CODE, PAY_METHOD, USE_DISPOSABLE_YN, ADDR_CODE
)
VALUES
(
  'MB_00000002','KAKAOPAY','N','ADDR_00002'
);

INSERT
  INTO DM_PAY_INFO
(
  MEMBER_CODE, PAY_METHOD, USE_DISPOSABLE_YN, ADDR_CODE
)
VALUES
(
  'MB_00000003','KAKAOPAY','Y','ADDR_00003'
);

INSERT
  INTO DM_PAY_INFO
(
  MEMBER_CODE, PAY_METHOD, USE_DISPOSABLE_YN, ADDR_CODE
)
VALUES
(
  'MB_00000004','KAKAOPAY','N','ADDR_00004'
);

INSERT
  INTO DM_PAY_INFO
(
  MEMBER_CODE, PAY_METHOD, USE_DISPOSABLE_YN, ADDR_CODE
)
VALUES
(
  'MB_00000006','PAYCO','Y','ADDR_00005'
);

INSERT
  INTO DM_PAY_INFO
(
  MEMBER_CODE, PAY_METHOD, USE_DISPOSABLE_YN, ADDR_CODE
)
VALUES
(
  'MB_00000007','KAKAOPAY','Y','ADDR_00006'
);

INSERT
  INTO DM_SUBSCRIPTION
(
  SUBS_CODE, CANCEL_YN, DELIVERY_ZIPCODE, DELIVERY_ADDR, DELIVERY_ADDR_DETAIL, MEMBER_CODE, MEAL_CATE_CODE
)
VALUES
(
  'SUBS_0000001', DEFAULT, 11938, '경기도 구리시 장자대로37번길 55', '덕현아파트 104동 204호', 'MB_00000001', 'MEAL_CATE_00001'
);

INSERT
  INTO DM_SUBSCRIPTION
(
  SUBS_CODE, CANCEL_YN, DELIVERY_ZIPCODE, DELIVERY_ADDR, DELIVERY_ADDR_DETAIL, MEMBER_CODE, MEAL_CATE_CODE
)
VALUES
(
  'SUBS_0000002', DEFAULT, 14506, '경기도 부천시 상동로 186', '다정한마을 2130-1104', 'MB_00000002', 'MEAL_CATE_00002'
);

INSERT
  INTO DM_SUBSCRIPTION
(
  SUBS_CODE, CANCEL_YN, DELIVERY_ZIPCODE, DELIVERY_ADDR, DELIVERY_ADDR_DETAIL, MEMBER_CODE, MEAL_CATE_CODE
)
VALUES
(
  'SUBS_0000003', DEFAULT, 11938, '경기도 구리시 장자대로37번길 55', '덕현아파트 104동 204호', 'MB_00000003', 'MEAL_CATE_00001'
);

INSERT
  INTO DM_SUBSCRIPTION
(
  SUBS_CODE, CANCEL_YN, DELIVERY_ZIPCODE, DELIVERY_ADDR, DELIVERY_ADDR_DETAIL, MEMBER_CODE, MEAL_CATE_CODE
)
VALUES
(
  'SUBS_0000004', DEFAULT, 14589, '경기도 부천시 조마루로105번길 8-25', '201호', 'MB_00000004', 'MEAL_CATE_00003'
);

INSERT
  INTO DM_SUBSCRIPTION
(
  SUBS_CODE, CANCEL_YN, DELIVERY_ZIPCODE, DELIVERY_ADDR, DELIVERY_ADDR_DETAIL, MEMBER_CODE, MEAL_CATE_CODE
)
VALUES
(
  'SUBS_0000005', DEFAULT, 11938, '경기도 구리시 장자대로37번길 55', '덕현아파트 104동 204호', 'MB_00000006', 'MEAL_CATE_00002'
);

INSERT
  INTO DM_SUBSCRIPTION
(
  SUBS_CODE, CANCEL_YN, DELIVERY_ZIPCODE, DELIVERY_ADDR, DELIVERY_ADDR_DETAIL, MEMBER_CODE, MEAL_CATE_CODE
)
VALUES
(
  'SUBS_0000006', DEFAULT, 11938, '서울 강서구 강서로 18길 61-6', '대주쉐르빌 302호', 'MB_00000007', 'MEAL_CATE_00004'
);

INSERT
  INTO DM_DELIVERY_DETAIL
(
  DELIVERY_CODE, DELIVERY_ZIP_CODE, DELIVERY_ADDR_DETAIL, DELIVERY_ADDR, DELIVERY_FINISH_YN, DELIVERY_DATE, SUBS_CODE, MEAL_CODE
)
VALUES
(
  'DELIVERY_0000001', 11938, '덕현아파트 104동 204호', '경기도 구리시 장자대로37번길 55', 'Y', '2022-06-01', 'SUBS_0000001', 'MEAL_00003'
);

INSERT
  INTO DM_DELIVERY_DETAIL
(
  DELIVERY_CODE, DELIVERY_ZIP_CODE, DELIVERY_ADDR_DETAIL, DELIVERY_ADDR, DELIVERY_FINISH_YN, DELIVERY_DATE, SUBS_CODE, MEAL_CODE
)
VALUES
(
  'DELIVERY_0000002', 11938, '덕현아파트 104동 204호', '경기도 구리시 장자대로37번길 55', 'Y', '2022-06-02', 'SUBS_0000001', 'MEAL_00004'
);

INSERT
  INTO DM_DELIVERY_DETAIL
(
  DELIVERY_CODE, DELIVERY_ZIP_CODE, DELIVERY_ADDR_DETAIL, DELIVERY_ADDR, DELIVERY_FINISH_YN, DELIVERY_DATE, SUBS_CODE, MEAL_CODE
)
VALUES
(
  'DELIVERY_0000003', 14506, '다정한마을 2130-1104', '경기도 부천시 상동로 186', 'Y', '2022-06-02', 'SUBS_0000002', 'MEAL_00024'
);

INSERT
  INTO DM_DELIVERY_DETAIL
(
  DELIVERY_CODE, DELIVERY_ZIP_CODE, DELIVERY_ADDR_DETAIL, DELIVERY_ADDR, DELIVERY_FINISH_YN, DELIVERY_DATE, SUBS_CODE, MEAL_CODE
)
VALUES
(
  'DELIVERY_0000004', 11938, '덕현아파트 104동 204호', '경기도 구리시 장자대로37번길 55', 'Y', '2022-06-03', 'SUBS_0000001', 'MEAL_00005'
);

INSERT
  INTO DM_DELIVERY_DETAIL
(
  DELIVERY_CODE, DELIVERY_ZIP_CODE, DELIVERY_ADDR_DETAIL, DELIVERY_ADDR, DELIVERY_FINISH_YN, DELIVERY_DATE, SUBS_CODE, MEAL_CODE
)
VALUES
(
  'DELIVERY_0000005', 14506, '다정한마을 2130-1104', '경기도 부천시 상동로 186', 'Y', '2022-06-03', 'SUBS_0000002', 'MEAL_00025'
);

INSERT
  INTO DM_DELIVERY_DETAIL
(
  DELIVERY_CODE, DELIVERY_ZIP_CODE, DELIVERY_ADDR_DETAIL, DELIVERY_ADDR, DELIVERY_FINISH_YN, DELIVERY_DATE, SUBS_CODE, MEAL_CODE
)
VALUES
(
  'DELIVERY_0000006', 11938, '덕현아파트 104동 204호', '경기도 구리시 장자대로37번길 55', 'Y', '2022-06-03', 'SUBS_0000003', 'MEAL_00005'
);

INSERT
  INTO DM_DELIVERY_DETAIL
(
  DELIVERY_CODE, DELIVERY_ZIP_CODE, DELIVERY_ADDR_DETAIL, DELIVERY_ADDR, DELIVERY_FINISH_YN, DELIVERY_DATE, SUBS_CODE, MEAL_CODE
)
VALUES
(
  'DELIVERY_0000007', 11938, '덕현아파트 104동 204호', '경기도 구리시 장자대로37번길 55', 'Y', '2022-06-06', 'SUBS_0000001', 'MEAL_00006'
);

INSERT
  INTO DM_DELIVERY_DETAIL
(
  DELIVERY_CODE, DELIVERY_ZIP_CODE, DELIVERY_ADDR_DETAIL, DELIVERY_ADDR, DELIVERY_FINISH_YN, DELIVERY_DATE, SUBS_CODE, MEAL_CODE
)
VALUES
(
  'DELIVERY_0000008', 14506, '다정한마을 2130-1104', '경기도 부천시 상동로 186', 'Y', '2022-06-06', 'SUBS_0000002', 'MEAL_00026'
);

INSERT
  INTO DM_DELIVERY_DETAIL
(
  DELIVERY_CODE, DELIVERY_ZIP_CODE, DELIVERY_ADDR_DETAIL, DELIVERY_ADDR, DELIVERY_FINISH_YN, DELIVERY_DATE, SUBS_CODE, MEAL_CODE
)
VALUES
(
  'DELIVERY_0000009', 11938, '덕현아파트 104동 204호', '경기도 구리시 장자대로37번길 55', 'Y', '2022-06-06', 'SUBS_0000003', 'MEAL_00006'
);

INSERT
  INTO DM_DELIVERY_DETAIL
(
  DELIVERY_CODE, DELIVERY_ZIP_CODE, DELIVERY_ADDR_DETAIL, DELIVERY_ADDR, DELIVERY_FINISH_YN, DELIVERY_DATE, SUBS_CODE, MEAL_CODE
)
VALUES
(
  'DELIVERY_0000010', 14506, '201호', '경기도 부천시 조마루로105번길 8-25', 'Y', '2022-06-06', 'SUBS_0000004', 'MEAL_00046'
);

INSERT
  INTO DM_DELIVERY_DETAIL
(
  DELIVERY_CODE, DELIVERY_ZIP_CODE, DELIVERY_ADDR_DETAIL, DELIVERY_ADDR, DELIVERY_FINISH_YN, DELIVERY_DATE, SUBS_CODE, MEAL_CODE
)
VALUES
(
  'DELIVERY_0000011', 11938, '덕현아파트 104동 204호', '경기도 구리시 장자대로37번길 55', 'Y', '2022-06-07', 'SUBS_0000001', 'MEAL_00007'
);

INSERT
  INTO DM_DELIVERY_DETAIL
(
  DELIVERY_CODE, DELIVERY_ZIP_CODE, DELIVERY_ADDR_DETAIL, DELIVERY_ADDR, DELIVERY_FINISH_YN, DELIVERY_DATE, SUBS_CODE, MEAL_CODE
)
VALUES
(
  'DELIVERY_0000012', 14506, '다정한마을 2130-1104', '경기도 부천시 상동로 186', 'Y', '2022-06-07', 'SUBS_0000002', 'MEAL_00027'
);

INSERT
  INTO DM_DELIVERY_DETAIL
(
  DELIVERY_CODE, DELIVERY_ZIP_CODE, DELIVERY_ADDR_DETAIL, DELIVERY_ADDR, DELIVERY_FINISH_YN, DELIVERY_DATE, SUBS_CODE, MEAL_CODE
)
VALUES
(
  'DELIVERY_0000013', 11938, '덕현아파트 104동 204호', '경기도 구리시 장자대로37번길 55', 'Y', '2022-06-07', 'SUBS_0000003', 'MEAL_00007'
);

INSERT
  INTO DM_DELIVERY_DETAIL
(
  DELIVERY_CODE, DELIVERY_ZIP_CODE, DELIVERY_ADDR_DETAIL, DELIVERY_ADDR, DELIVERY_FINISH_YN, DELIVERY_DATE, SUBS_CODE, MEAL_CODE
)
VALUES
(
  'DELIVERY_0000014', 14506, '201호', '경기도 부천시 조마루로105번길 8-25', 'Y', '2022-06-07', 'SUBS_0000004', 'MEAL_00047'
);

INSERT
  INTO DM_DELIVERY_DETAIL
(
  DELIVERY_CODE, DELIVERY_ZIP_CODE, DELIVERY_ADDR_DETAIL, DELIVERY_ADDR, DELIVERY_FINISH_YN, DELIVERY_DATE, SUBS_CODE, MEAL_CODE
)
VALUES
(
  'DELIVERY_0000015', 11938, '신정숲속마을아파트 103동 802호', '서울 양천구 신정로 110', 'Y', '2022-06-07', 'SUBS_0000005', 'MEAL_00027'
);

INSERT
  INTO DM_DELIVERY_DETAIL
(
  DELIVERY_CODE, DELIVERY_ZIP_CODE, DELIVERY_ADDR_DETAIL, DELIVERY_ADDR, DELIVERY_FINISH_YN, DELIVERY_DATE, SUBS_CODE, MEAL_CODE
)
VALUES
(
  'DELIVERY_0000016', 11938, '덕현아파트 104동 204호', '경기도 구리시 장자대로37번길 55', 'Y', '2022-06-08', 'SUBS_0000001', 'MEAL_00008'
);

INSERT
  INTO DM_DELIVERY_DETAIL
(
  DELIVERY_CODE, DELIVERY_ZIP_CODE, DELIVERY_ADDR_DETAIL, DELIVERY_ADDR, DELIVERY_FINISH_YN, DELIVERY_DATE, SUBS_CODE, MEAL_CODE
)
VALUES
(
  'DELIVERY_0000017', 14506, '다정한마을 2130-1104', '경기도 부천시 상동로 186', 'Y', '2022-06-08', 'SUBS_0000002', 'MEAL_00028'
);

INSERT
  INTO DM_DELIVERY_DETAIL
(
  DELIVERY_CODE, DELIVERY_ZIP_CODE, DELIVERY_ADDR_DETAIL, DELIVERY_ADDR, DELIVERY_FINISH_YN, DELIVERY_DATE, SUBS_CODE, MEAL_CODE
)
VALUES
(
  'DELIVERY_0000018', 11938, '덕현아파트 104동 204호', '경기도 구리시 장자대로37번길 55', 'Y', '2022-06-08', 'SUBS_0000003', 'MEAL_00008'
);

INSERT
  INTO DM_DELIVERY_DETAIL
(
  DELIVERY_CODE, DELIVERY_ZIP_CODE, DELIVERY_ADDR_DETAIL, DELIVERY_ADDR, DELIVERY_FINISH_YN, DELIVERY_DATE, SUBS_CODE, MEAL_CODE
)
VALUES
(
  'DELIVERY_0000019', 14506, '201호', '경기도 부천시 조마루로105번길 8-25', 'Y', '2022-06-08', 'SUBS_0000004', 'MEAL_00048'
);

INSERT
  INTO DM_DELIVERY_DETAIL
(
  DELIVERY_CODE, DELIVERY_ZIP_CODE, DELIVERY_ADDR_DETAIL, DELIVERY_ADDR, DELIVERY_FINISH_YN, DELIVERY_DATE, SUBS_CODE, MEAL_CODE
)
VALUES
(
  'DELIVERY_0000020', 11938, '신정숲속마을아파트 103동 802호', '서울 양천구 신정로 110', 'Y', '2022-06-08', 'SUBS_0000005', 'MEAL_00028'
);

INSERT
  INTO DM_DELIVERY_DETAIL
(
  DELIVERY_CODE, DELIVERY_ZIP_CODE, DELIVERY_ADDR_DETAIL, DELIVERY_ADDR, DELIVERY_FINISH_YN, DELIVERY_DATE, SUBS_CODE, MEAL_CODE
)
VALUES
(
  'DELIVERY_0000021', 14506, '대주쉐르빌 302호', '서울 강서구 강서로 18길 61-6', 'Y', '2022-06-08', 'SUBS_0000006', 'MEAL_00068'
);

INSERT
  INTO DM_DELIVERY_DETAIL
(
  DELIVERY_CODE, DELIVERY_ZIP_CODE, DELIVERY_ADDR_DETAIL, DELIVERY_ADDR, DELIVERY_FINISH_YN, DELIVERY_DATE, SUBS_CODE, MEAL_CODE
)
VALUES
(
  'DELIVERY_0000022', 11938, '덕현아파트 104동 204호', '경기도 구리시 장자대로37번길 55', 'Y', '2022-06-09', 'SUBS_0000001', 'MEAL_00009'
);

INSERT
  INTO DM_DELIVERY_DETAIL
(
  DELIVERY_CODE, DELIVERY_ZIP_CODE, DELIVERY_ADDR_DETAIL, DELIVERY_ADDR, DELIVERY_FINISH_YN, DELIVERY_DATE, SUBS_CODE, MEAL_CODE
)
VALUES
(
  'DELIVERY_0000023', 14506, '다정한마을 2130-1104', '경기도 부천시 상동로 186', 'Y', '2022-06-09', 'SUBS_0000002', 'MEAL_00029'
);

INSERT
  INTO DM_DELIVERY_DETAIL
(
  DELIVERY_CODE, DELIVERY_ZIP_CODE, DELIVERY_ADDR_DETAIL, DELIVERY_ADDR, DELIVERY_FINISH_YN, DELIVERY_DATE, SUBS_CODE, MEAL_CODE
)
VALUES
(
  'DELIVERY_0000024', 11938, '덕현아파트 104동 204호', '경기도 구리시 장자대로37번길 55', 'Y', '2022-06-09', 'SUBS_0000003', 'MEAL_00009'
);

INSERT
  INTO DM_DELIVERY_DETAIL
(
  DELIVERY_CODE, DELIVERY_ZIP_CODE, DELIVERY_ADDR_DETAIL, DELIVERY_ADDR, DELIVERY_FINISH_YN, DELIVERY_DATE, SUBS_CODE, MEAL_CODE
)
VALUES
(
  'DELIVERY_0000025', 14506, '201호', '경기도 부천시 조마루로105번길 8-25', 'Y', '2022-06-09', 'SUBS_0000004', 'MEAL_00049'
);

INSERT
  INTO DM_DELIVERY_DETAIL
(
  DELIVERY_CODE, DELIVERY_ZIP_CODE, DELIVERY_ADDR_DETAIL, DELIVERY_ADDR, DELIVERY_FINISH_YN, DELIVERY_DATE, SUBS_CODE, MEAL_CODE
)
VALUES
(
  'DELIVERY_0000026', 11938, '신정숲속마을아파트 103동 802호', '서울 양천구 신정로 110', 'Y', '2022-06-09', 'SUBS_0000005', 'MEAL_00029'
);

INSERT
  INTO DM_DELIVERY_DETAIL
(
  DELIVERY_CODE, DELIVERY_ZIP_CODE, DELIVERY_ADDR_DETAIL, DELIVERY_ADDR, DELIVERY_FINISH_YN, DELIVERY_DATE, SUBS_CODE, MEAL_CODE
)
VALUES
(
  'DELIVERY_0000027', 14506, '대주쉐르빌 302호', '서울 강서구 강서로 18길 61-6', 'Y', '2022-06-09', 'SUBS_0000006', 'MEAL_00069'
);

INSERT
  INTO DM_PAY_HISTORY
(
  PAY_CODE, PAY_DATE, SUBS_START_DATE, SUBS_EXPIRE_DATE, PAY_REFUND_YN, SUBS_EXPIRE_YN, PAY_DISCOUNT_PRICE, PAY_FINAL_PRICE, ISSUED_CPN_CODE, SUBS_CODE
)
VALUES
(
  'PAY_0000001', '2022-05-29', '2022-06-01', '2022-06-07', 'N', 'N', 0, 32500, NULL, 'SUBS_0000001'
);

INSERT
  INTO DM_PAY_HISTORY
(
  PAY_CODE, PAY_DATE, SUBS_START_DATE, SUBS_EXPIRE_DATE, PAY_REFUND_YN, SUBS_EXPIRE_YN, PAY_DISCOUNT_PRICE, PAY_FINAL_PRICE, ISSUED_CPN_CODE, SUBS_CODE
)
VALUES
(
  'PAY_0000002', '2022-05-30', '2022-06-02', '2022-06-08', 'N', 'N', 0, 32500, NULL, 'SUBS_0000002'
);

INSERT
  INTO DM_PAY_HISTORY
(
  PAY_CODE, PAY_DATE, SUBS_START_DATE, SUBS_EXPIRE_DATE, PAY_REFUND_YN, SUBS_EXPIRE_YN, PAY_DISCOUNT_PRICE, PAY_FINAL_PRICE, ISSUED_CPN_CODE, SUBS_CODE
)
VALUES
(
  'PAY_0000003', '2022-05-31', '2022-06-03', '2022-06-09', 'N', 'N', 0, 32500, NULL, 'SUBS_0000003'
);

INSERT
  INTO DM_PAY_HISTORY
(
  PAY_CODE, PAY_DATE, SUBS_START_DATE, SUBS_EXPIRE_DATE, PAY_REFUND_YN, SUBS_EXPIRE_YN, PAY_DISCOUNT_PRICE, PAY_FINAL_PRICE, ISSUED_CPN_CODE, SUBS_CODE
)
VALUES
(
  'PAY_0000004', '2022-06-01', '2022-06-04', '2022-06-10', 'N', 'N', 0, 65000, NULL, 'SUBS_0000004'
);

INSERT
  INTO DM_PAY_HISTORY
(
  PAY_CODE, PAY_DATE, SUBS_START_DATE, SUBS_EXPIRE_DATE, PAY_REFUND_YN, SUBS_EXPIRE_YN, PAY_DISCOUNT_PRICE, PAY_FINAL_PRICE, ISSUED_CPN_CODE, SUBS_CODE
)
VALUES
(
  'PAY_0000005', '2022-06-02', '2022-06-05', '2022-06-11', 'N', 'N', 0, 32500, NULL, 'SUBS_0000005'
);

INSERT
  INTO DM_PAY_HISTORY
(
  PAY_CODE, PAY_DATE, SUBS_START_DATE, SUBS_EXPIRE_DATE, PAY_REFUND_YN, SUBS_EXPIRE_YN, PAY_DISCOUNT_PRICE, PAY_FINAL_PRICE, ISSUED_CPN_CODE, SUBS_CODE
)
VALUES
(
  'PAY_0000006', '2022-06-03', '2022-06-06', '2022-06-12', 'N', 'N', 0, 32500, NULL, 'SUBS_0000006'
);

INSERT
  INTO DM_QNA
(
  QNA_NUMBER, QNA_NAME, QNA_CONTENT, QNA_DATE, QNA_ANSWER_YN, QNA_ANSWER, QNA_ANSWER_DATE, MEMBER_CODE, MANAGER_CODE
)
VALUES
(
  'QNA_00001', '다른 카테고리', '기존 카테고리 말고 다른 카테고리 식단도 생길수 있나요?저는 일식이 좋은데', '2022-05-24', 'Y', '회원님들의 의견을 반영하여 인기가 많은 카테고리는 추후에 추가됩니다!소중한 의견 감사합니다.', '2022-05-28', 'MB_00000010', 'MB_00000011'
);

INSERT
  INTO DM_QNA
(
  QNA_NUMBER, QNA_NAME, QNA_CONTENT, QNA_DATE, QNA_ANSWER_YN, QNA_ANSWER, QNA_ANSWER_DATE, MEMBER_CODE, MANAGER_CODE
)
VALUES
(
  'QNA_00002', '친구추천 이벤트', '친구추천 이벤트같은거 없나요?', '2022-05-25', 'Y', '현재 친구추천 이벤트는 하지 않고 있습니다만 고객님들의 요청으로 생길수도 있을것 같습니다.좋은 의견 감사합니다!더 나아가는 델리밀이 되겠습니다.', '2022-05-26', 'MB_00000001', 'MB_00000011'
);

INSERT
  INTO DM_QNA
(
  QNA_NUMBER, QNA_NAME, QNA_CONTENT, QNA_DATE, QNA_ANSWER_YN, QNA_ANSWER, QNA_ANSWER_DATE, MEMBER_CODE, MANAGER_CODE
)
VALUES
(
  'QNA_00003', '가격문의', '프리미엄식단 가격 좀 더 낮춰주세요 ㅠ', '2022-05-26', 'N', NULL, NULL, 'MB_00000002', NULL
);

INSERT
  INTO DM_QNA
(
  QNA_NUMBER, QNA_NAME, QNA_CONTENT, QNA_DATE, QNA_ANSWER_YN, QNA_ANSWER, QNA_ANSWER_DATE, MEMBER_CODE, MANAGER_CODE
)
VALUES
(
  'QNA_00004', '배송문의드립니다!!', '배송시에 아이스박스에 담겨 오나요??', '2022-05-26', 'Y', '메뉴에 따라 냉동보관이 필요할 경우에는 아이스와 함께 아이스박스로 배송됩니다! 그럼 맛있는 아침되세요!', '2022-05-26', 'MB_00000001', 'MB_00000011'
);

INSERT
  INTO DM_QNA
(
  QNA_NUMBER, QNA_NAME, QNA_CONTENT, QNA_DATE, QNA_ANSWER_YN, QNA_ANSWER, QNA_ANSWER_DATE, MEMBER_CODE, MANAGER_CODE
)
VALUES
(
  'QNA_00005', '메뉴문의드립니다!', '다음주 메뉴는 언제 올라오나요??', '2022-05-26', 'N', NULL, NULL, 'MB_00000002', NULL
);

INSERT
  INTO DM_QNA
(
  QNA_NUMBER, QNA_NAME, QNA_CONTENT, QNA_DATE, QNA_ANSWER_YN, QNA_ANSWER, QNA_ANSWER_DATE, MEMBER_CODE, MANAGER_CODE
)
VALUES
(
  'QNA_00006', '메뉴문의좀,,드려요!', '이 메뉴가 간장베이스인가요? 궁금하네요!', '2022-05-26', 'N', NULL, NULL, 'MB_00000003', NULL
);

INSERT
  INTO DM_QNA_FILE
(
  QNA_F_NUMBER, QNA_F_NAME, QNA_W_NUMBER
)
VALUES
(
  'QNA_F_00001', 'cb6884adcee8428a8845ae54554c5536.png', 'QNA_00001'
);

INSERT
  INTO DM_QNA_FILE
(
  QNA_F_NUMBER, QNA_F_NAME, QNA_W_NUMBER
)
VALUES
(
  'QNA_F_00002', '8c91001896674476881ed607d28ac954.png', 'QNA_00003'
);

INSERT
  INTO DM_FEEDBACK
(
  FEEDBACK_NUM, FEEDBACK_NAME, FEEDBACK_CONTENT, FEEDBACK_DATE, FEEDBACK_ANSWER_YN, FEED_ANSWER_CONTENT, FEED_ANSWER_DATE, MEMBER_CODE, FEEDBACK_MEAL_CODE, MANAGER_CODE
)
VALUES
(
  'FEEDBACK_00001', '5월2주차양식', '5월양식에서 해물로제파스타가 너무 짰어요 간을 좀 맞춰주시면 좋을거같아여', '2022-06-02', 'N', NULL, NULL, 'MB_00000001', 'MEAL_00001', NULL
);

INSERT
  INTO DM_FEEDBACK
(
  FEEDBACK_NUM, FEEDBACK_NAME, FEEDBACK_CONTENT, FEEDBACK_DATE, FEEDBACK_ANSWER_YN, FEED_ANSWER_CONTENT, FEED_ANSWER_DATE, MEMBER_CODE, FEEDBACK_MEAL_CODE, MANAGER_CODE
)
VALUES
(
  'FEEDBACK_00002', '양이..', '프리미엄식단에서 프렌치토스트 양이 너무 적어요 좀만 더주세요', '2022-06-03', 'Y', '고객님의 소중한 의견 감사합니다.다음 프리미엄 식단에 반영하도록 하겠습니다.', '2022-06-05', 'MB_00000002', 'MEAL_00041', 'MB_00000011'
);

INSERT
  INTO DM_FEEDBACK
(
  FEEDBACK_NUM, FEEDBACK_NAME, FEEDBACK_CONTENT, FEEDBACK_DATE, FEEDBACK_ANSWER_YN, FEED_ANSWER_CONTENT, FEED_ANSWER_DATE, MEMBER_CODE, FEEDBACK_MEAL_CODE, MANAGER_CODE
)
VALUES
(
  'FEEDBACK_00003', '그릴치킨피드백 드려요!', '그릴치킨에 기름기가 조금 있어서 그거 좀 빼주셨으면 좋겠어요! 그럼 더 담백해질듯합니다', '2022-05-22', 'Y', '네~ 참고해서 조리과정에 전달드리겠습니다!', '2022-05-24', 'MB_00000003', 'MEAL_00058', 'MB_00000011'
);

INSERT
  INTO DM_FEEDBACK
(
  FEEDBACK_NUM, FEEDBACK_NAME, FEEDBACK_CONTENT, FEEDBACK_DATE, FEEDBACK_ANSWER_YN, FEED_ANSWER_CONTENT, FEED_ANSWER_DATE, MEMBER_CODE, FEEDBACK_MEAL_CODE, MANAGER_CODE
)
VALUES
(
  'FEEDBACK_00004', '잡곡밥피드백이요,,!', '어제 배송왔던게 너무 설익었어요,,, 거의 못먹을뻔 했습니다..', '2022-05-24', 'N', NULL, NULL, 'MB_00000005', 'MEAL_00074', NULL
);

INSERT
  INTO DM_FEEDBACK_FILE
(
  FEED_F_NUM, FEED_F_NAME, FEED_W_NUMBER
)
VALUES
(
  'FEED_F_00001', '98bad3a36e7e4c6493000957666fb14a.jpg', 'FEEDBACK_00001'
);

INSERT
  INTO DM_FEEDBACK_FILE
(
  FEED_F_NUM, FEED_F_NAME, FEED_W_NUMBER
)
VALUES
(
  'FEED_F_00002', '534f90baad8741989a840b08a93872ea.jpg', 'FEEDBACK_00002'
);

INSERT
  INTO DM_MEAL_PER_DAY
(
  DELIVERY_DATE, MEAL_CODE, MEAL_CATE_CODE
)
VALUES
(
  '2022-05-30', 'MEAL_00001', 'MEAL_CATE_00001'
);

INSERT
  INTO DM_MEAL_PER_DAY
(
  DELIVERY_DATE, MEAL_CODE, MEAL_CATE_CODE
)
VALUES
(
  '2022-05-31', 'MEAL_00002', 'MEAL_CATE_00001'
);

INSERT
  INTO DM_MEAL_PER_DAY
(
  DELIVERY_DATE, MEAL_CODE, MEAL_CATE_CODE
)
VALUES
(
  '2022-06-01', 'MEAL_00003', 'MEAL_CATE_00001'
);

INSERT
  INTO DM_MEAL_PER_DAY
(
  DELIVERY_DATE, MEAL_CODE, MEAL_CATE_CODE
)
VALUES
(
  '2022-06-02', 'MEAL_00004', 'MEAL_CATE_00001'
);

INSERT
  INTO DM_MEAL_PER_DAY
(
  DELIVERY_DATE, MEAL_CODE, MEAL_CATE_CODE
)
VALUES
(
  '2022-06-03', 'MEAL_00005', 'MEAL_CATE_00001'
);

INSERT
  INTO DM_MEAL_PER_DAY
(
  DELIVERY_DATE, MEAL_CODE, MEAL_CATE_CODE
)
VALUES
(
  '2022-06-06', 'MEAL_00006', 'MEAL_CATE_00001'
);

INSERT
  INTO DM_MEAL_PER_DAY
(
  DELIVERY_DATE, MEAL_CODE, MEAL_CATE_CODE
)
VALUES
(
  '2022-06-07', 'MEAL_00007', 'MEAL_CATE_00001'
);

INSERT
  INTO DM_MEAL_PER_DAY
(
  DELIVERY_DATE, MEAL_CODE, MEAL_CATE_CODE
)
VALUES
(
  '2022-06-08', 'MEAL_00008', 'MEAL_CATE_00001'
);

INSERT
  INTO DM_MEAL_PER_DAY
(
  DELIVERY_DATE, MEAL_CODE, MEAL_CATE_CODE
)
VALUES
(
  '2022-06-09', 'MEAL_00009', 'MEAL_CATE_00001'
);

INSERT
  INTO DM_MEAL_PER_DAY
(
  DELIVERY_DATE, MEAL_CODE, MEAL_CATE_CODE
)
VALUES
(
  '2022-06-10', 'MEAL_00010', 'MEAL_CATE_00001'
);

INSERT
  INTO DM_MEAL_PER_DAY
(
  DELIVERY_DATE, MEAL_CODE, MEAL_CATE_CODE
)
VALUES
(
  '2022-06-13', 'MEAL_00011', 'MEAL_CATE_00001'
);

INSERT
  INTO DM_MEAL_PER_DAY
(
  DELIVERY_DATE, MEAL_CODE, MEAL_CATE_CODE
)
VALUES
(
  '2022-06-14', 'MEAL_00012', 'MEAL_CATE_00001'
);

INSERT
  INTO DM_MEAL_PER_DAY
(
  DELIVERY_DATE, MEAL_CODE, MEAL_CATE_CODE
)
VALUES
(
  '2022-06-15', 'MEAL_00013', 'MEAL_CATE_00001'
);

INSERT
  INTO DM_MEAL_PER_DAY
(
  DELIVERY_DATE, MEAL_CODE, MEAL_CATE_CODE
)
VALUES
(
  '2022-06-16', 'MEAL_00014', 'MEAL_CATE_00001'
);

INSERT
  INTO DM_MEAL_PER_DAY
(
  DELIVERY_DATE, MEAL_CODE, MEAL_CATE_CODE
)
VALUES
(
  '2022-06-17', 'MEAL_00015', 'MEAL_CATE_00001'
);

INSERT
  INTO DM_MEAL_PER_DAY
(
  DELIVERY_DATE, MEAL_CODE, MEAL_CATE_CODE
)
VALUES
(
  '2022-06-20', 'MEAL_00016', 'MEAL_CATE_00001'
);

INSERT
  INTO DM_MEAL_PER_DAY
(
  DELIVERY_DATE, MEAL_CODE, MEAL_CATE_CODE
)
VALUES
(
  '2022-06-21', 'MEAL_00017', 'MEAL_CATE_00001'
);

INSERT
  INTO DM_MEAL_PER_DAY
(
  DELIVERY_DATE, MEAL_CODE, MEAL_CATE_CODE
)
VALUES
(
  '2022-06-22', 'MEAL_00018', 'MEAL_CATE_00001'
);

INSERT
  INTO DM_MEAL_PER_DAY
(
  DELIVERY_DATE, MEAL_CODE, MEAL_CATE_CODE
)
VALUES
(
  '2022-06-23', 'MEAL_00019', 'MEAL_CATE_00001'
);

INSERT
  INTO DM_MEAL_PER_DAY
(
  DELIVERY_DATE, MEAL_CODE, MEAL_CATE_CODE
)
VALUES
(
  '2022-06-24', 'MEAL_00020', 'MEAL_CATE_00001'
);

INSERT
  INTO DM_MEAL_PER_DAY
(
  DELIVERY_DATE, MEAL_CODE, MEAL_CATE_CODE
)
VALUES
(
  '2022-05-30', 'MEAL_00021', 'MEAL_CATE_00002'
);

INSERT
  INTO DM_MEAL_PER_DAY
(
  DELIVERY_DATE, MEAL_CODE, MEAL_CATE_CODE
)
VALUES
(
  '2022-05-31', 'MEAL_00022', 'MEAL_CATE_00002'
);

INSERT
  INTO DM_MEAL_PER_DAY
(
  DELIVERY_DATE, MEAL_CODE, MEAL_CATE_CODE
)
VALUES
(
  '2022-06-01', 'MEAL_00023', 'MEAL_CATE_00002'
);

INSERT
  INTO DM_MEAL_PER_DAY
(
  DELIVERY_DATE, MEAL_CODE, MEAL_CATE_CODE
)
VALUES
(
  '2022-06-02', 'MEAL_00024', 'MEAL_CATE_00002'
);

INSERT
  INTO DM_MEAL_PER_DAY
(
  DELIVERY_DATE, MEAL_CODE, MEAL_CATE_CODE
)
VALUES
(
  '2022-06-03', 'MEAL_00025', 'MEAL_CATE_00002'
);

INSERT
  INTO DM_MEAL_PER_DAY
(
  DELIVERY_DATE, MEAL_CODE, MEAL_CATE_CODE
)
VALUES
(
  '2022-06-06', 'MEAL_00026', 'MEAL_CATE_00002'
);

INSERT
  INTO DM_MEAL_PER_DAY
(
  DELIVERY_DATE, MEAL_CODE, MEAL_CATE_CODE
)
VALUES
(
  '2022-06-07', 'MEAL_00027', 'MEAL_CATE_00002'
);

INSERT
  INTO DM_MEAL_PER_DAY
(
  DELIVERY_DATE, MEAL_CODE, MEAL_CATE_CODE
)
VALUES
(
  '2022-06-08', 'MEAL_00028', 'MEAL_CATE_00002'
);

INSERT
  INTO DM_MEAL_PER_DAY
(
  DELIVERY_DATE, MEAL_CODE, MEAL_CATE_CODE
)
VALUES
(
  '2022-06-09', 'MEAL_00029', 'MEAL_CATE_00002'
);

INSERT
  INTO DM_MEAL_PER_DAY
(
  DELIVERY_DATE, MEAL_CODE, MEAL_CATE_CODE
)
VALUES
(
  '2022-06-10', 'MEAL_00030', 'MEAL_CATE_00002'
);

INSERT
  INTO DM_MEAL_PER_DAY
(
  DELIVERY_DATE, MEAL_CODE, MEAL_CATE_CODE
)
VALUES
(
  '2022-06-13', 'MEAL_00031', 'MEAL_CATE_00002'
);

INSERT
  INTO DM_MEAL_PER_DAY
(
  DELIVERY_DATE, MEAL_CODE, MEAL_CATE_CODE
)
VALUES
(
  '2022-06-14', 'MEAL_00032', 'MEAL_CATE_00002'
);

INSERT
  INTO DM_MEAL_PER_DAY
(
  DELIVERY_DATE, MEAL_CODE, MEAL_CATE_CODE
)
VALUES
(
  '2022-06-15', 'MEAL_00033', 'MEAL_CATE_00002'
);

INSERT
  INTO DM_MEAL_PER_DAY
(
  DELIVERY_DATE, MEAL_CODE, MEAL_CATE_CODE
)
VALUES
(
  '2022-06-16', 'MEAL_00034', 'MEAL_CATE_00002'
);

INSERT
  INTO DM_MEAL_PER_DAY
(
  DELIVERY_DATE, MEAL_CODE, MEAL_CATE_CODE
)
VALUES
(
  '2022-06-17', 'MEAL_00035', 'MEAL_CATE_00002'
);

INSERT
  INTO DM_MEAL_PER_DAY
(
  DELIVERY_DATE, MEAL_CODE, MEAL_CATE_CODE
)
VALUES
(
  '2022-06-20', 'MEAL_00036', 'MEAL_CATE_00002'
);

INSERT
  INTO DM_MEAL_PER_DAY
(
  DELIVERY_DATE, MEAL_CODE, MEAL_CATE_CODE
)
VALUES
(
  '2022-06-21', 'MEAL_00037', 'MEAL_CATE_00002'
);

INSERT
  INTO DM_MEAL_PER_DAY
(
  DELIVERY_DATE, MEAL_CODE, MEAL_CATE_CODE
)
VALUES
(
  '2022-06-22', 'MEAL_00038', 'MEAL_CATE_00002'
);

INSERT
  INTO DM_MEAL_PER_DAY
(
  DELIVERY_DATE, MEAL_CODE, MEAL_CATE_CODE
)
VALUES
(
  '2022-06-23', 'MEAL_00039', 'MEAL_CATE_00002'
);

INSERT
  INTO DM_MEAL_PER_DAY
(
  DELIVERY_DATE, MEAL_CODE, MEAL_CATE_CODE
)
VALUES
(
  '2022-06-24', 'MEAL_00040', 'MEAL_CATE_00002'
);

INSERT
  INTO DM_MEAL_PER_DAY
(
  DELIVERY_DATE, MEAL_CODE, MEAL_CATE_CODE
)
VALUES
(
  '2022-05-30', 'MEAL_00041', 'MEAL_CATE_00003'
);

INSERT
  INTO DM_MEAL_PER_DAY
(
  DELIVERY_DATE, MEAL_CODE, MEAL_CATE_CODE
)
VALUES
(
  '2022-05-31', 'MEAL_00042', 'MEAL_CATE_00003'
);

INSERT
  INTO DM_MEAL_PER_DAY
(
  DELIVERY_DATE, MEAL_CODE, MEAL_CATE_CODE
)
VALUES
(
  '2022-06-01', 'MEAL_00043', 'MEAL_CATE_00003'
);

INSERT
  INTO DM_MEAL_PER_DAY
(
  DELIVERY_DATE, MEAL_CODE, MEAL_CATE_CODE
)
VALUES
(
  '2022-06-02', 'MEAL_00044', 'MEAL_CATE_00003'
);

INSERT
  INTO DM_MEAL_PER_DAY
(
  DELIVERY_DATE, MEAL_CODE, MEAL_CATE_CODE
)
VALUES
(
  '2022-06-03', 'MEAL_00045', 'MEAL_CATE_00003'
);

INSERT
  INTO DM_MEAL_PER_DAY
(
  DELIVERY_DATE, MEAL_CODE, MEAL_CATE_CODE
)
VALUES
(
  '2022-06-06', 'MEAL_00046', 'MEAL_CATE_00003'
);

INSERT
  INTO DM_MEAL_PER_DAY
(
  DELIVERY_DATE, MEAL_CODE, MEAL_CATE_CODE
)
VALUES
(
  '2022-06-07', 'MEAL_00047', 'MEAL_CATE_00003'
);

INSERT
  INTO DM_MEAL_PER_DAY
(
  DELIVERY_DATE, MEAL_CODE, MEAL_CATE_CODE
)
VALUES
(
  '2022-06-08', 'MEAL_00048', 'MEAL_CATE_00003'
);

INSERT
  INTO DM_MEAL_PER_DAY
(
  DELIVERY_DATE, MEAL_CODE, MEAL_CATE_CODE
)
VALUES
(
  '2022-06-09', 'MEAL_00049', 'MEAL_CATE_00003'
);

INSERT
  INTO DM_MEAL_PER_DAY
(
  DELIVERY_DATE, MEAL_CODE, MEAL_CATE_CODE
)
VALUES
(
  '2022-06-10', 'MEAL_00050', 'MEAL_CATE_00003'
);

INSERT
  INTO DM_MEAL_PER_DAY
(
  DELIVERY_DATE, MEAL_CODE, MEAL_CATE_CODE
)
VALUES
(
  '2022-06-13', 'MEAL_00051', 'MEAL_CATE_00003'
);

INSERT
  INTO DM_MEAL_PER_DAY
(
  DELIVERY_DATE, MEAL_CODE, MEAL_CATE_CODE
)
VALUES
(
  '2022-06-14', 'MEAL_00052', 'MEAL_CATE_00003'
);

INSERT
  INTO DM_MEAL_PER_DAY
(
  DELIVERY_DATE, MEAL_CODE, MEAL_CATE_CODE
)
VALUES
(
  '2022-06-15', 'MEAL_00053', 'MEAL_CATE_00003'
);

INSERT
  INTO DM_MEAL_PER_DAY
(
  DELIVERY_DATE, MEAL_CODE, MEAL_CATE_CODE
)
VALUES
(
  '2022-06-16', 'MEAL_00054', 'MEAL_CATE_00003'
);

INSERT
  INTO DM_MEAL_PER_DAY
(
  DELIVERY_DATE, MEAL_CODE, MEAL_CATE_CODE
)
VALUES
(
  '2022-06-17', 'MEAL_00055', 'MEAL_CATE_00003'
);

INSERT
  INTO DM_MEAL_PER_DAY
(
  DELIVERY_DATE, MEAL_CODE, MEAL_CATE_CODE
)
VALUES
(
  '2022-06-20', 'MEAL_00056', 'MEAL_CATE_00003'
);

INSERT
  INTO DM_MEAL_PER_DAY
(
  DELIVERY_DATE, MEAL_CODE, MEAL_CATE_CODE
)
VALUES
(
  '2022-06-21', 'MEAL_00057', 'MEAL_CATE_00003'
);

INSERT
  INTO DM_MEAL_PER_DAY
(
  DELIVERY_DATE, MEAL_CODE, MEAL_CATE_CODE
)
VALUES
(
  '2022-06-22', 'MEAL_00058', 'MEAL_CATE_00003'
);

INSERT
  INTO DM_MEAL_PER_DAY
(
  DELIVERY_DATE, MEAL_CODE, MEAL_CATE_CODE
)
VALUES
(
  '2022-06-23', 'MEAL_00059', 'MEAL_CATE_00003'
);

INSERT
  INTO DM_MEAL_PER_DAY
(
  DELIVERY_DATE, MEAL_CODE, MEAL_CATE_CODE
)
VALUES
(
  '2022-06-24', 'MEAL_00060', 'MEAL_CATE_00003'
);

INSERT
  INTO DM_MEAL_PER_DAY
(
  DELIVERY_DATE, MEAL_CODE, MEAL_CATE_CODE
)
VALUES
(
  '2022-05-30', 'MEAL_00061', 'MEAL_CATE_00004'
);

INSERT
  INTO DM_MEAL_PER_DAY
(
  DELIVERY_DATE, MEAL_CODE, MEAL_CATE_CODE
)
VALUES
(
  '2022-05-31', 'MEAL_00062', 'MEAL_CATE_00004'
);

INSERT
  INTO DM_MEAL_PER_DAY
(
  DELIVERY_DATE, MEAL_CODE, MEAL_CATE_CODE
)
VALUES
(
  '2022-06-01', 'MEAL_00063', 'MEAL_CATE_00004'
);

INSERT
  INTO DM_MEAL_PER_DAY
(
  DELIVERY_DATE, MEAL_CODE, MEAL_CATE_CODE
)
VALUES
(
  '2022-06-02', 'MEAL_00064', 'MEAL_CATE_00004'
);

INSERT
  INTO DM_MEAL_PER_DAY
(
  DELIVERY_DATE, MEAL_CODE, MEAL_CATE_CODE
)
VALUES
(
  '2022-06-03', 'MEAL_00065', 'MEAL_CATE_00004'
);

INSERT
  INTO DM_MEAL_PER_DAY
(
  DELIVERY_DATE, MEAL_CODE, MEAL_CATE_CODE
)
VALUES
(
  '2022-06-06', 'MEAL_00066', 'MEAL_CATE_00004'
);

INSERT
  INTO DM_MEAL_PER_DAY
(
  DELIVERY_DATE, MEAL_CODE, MEAL_CATE_CODE
)
VALUES
(
  '2022-06-07', 'MEAL_00067', 'MEAL_CATE_00004'
);

INSERT
  INTO DM_MEAL_PER_DAY
(
  DELIVERY_DATE, MEAL_CODE, MEAL_CATE_CODE
)
VALUES
(
  '2022-06-08', 'MEAL_00068', 'MEAL_CATE_00004'
);

INSERT
  INTO DM_MEAL_PER_DAY
(
  DELIVERY_DATE, MEAL_CODE, MEAL_CATE_CODE
)
VALUES
(
  '2022-06-09', 'MEAL_00069', 'MEAL_CATE_00004'
);

INSERT
  INTO DM_MEAL_PER_DAY
(
  DELIVERY_DATE, MEAL_CODE, MEAL_CATE_CODE
)
VALUES
(
  '2022-06-10', 'MEAL_00070', 'MEAL_CATE_00004'
);

INSERT
  INTO DM_MEAL_PER_DAY
(
  DELIVERY_DATE, MEAL_CODE, MEAL_CATE_CODE
)
VALUES
(
  '2022-06-13', 'MEAL_00071', 'MEAL_CATE_00004'
);

INSERT
  INTO DM_MEAL_PER_DAY
(
  DELIVERY_DATE, MEAL_CODE, MEAL_CATE_CODE
)
VALUES
(
  '2022-06-14', 'MEAL_00072', 'MEAL_CATE_00004'
);

INSERT
  INTO DM_MEAL_PER_DAY
(
  DELIVERY_DATE, MEAL_CODE, MEAL_CATE_CODE
)
VALUES
(
  '2022-06-15', 'MEAL_00073', 'MEAL_CATE_00004'
);

INSERT
  INTO DM_MEAL_PER_DAY
(
  DELIVERY_DATE, MEAL_CODE, MEAL_CATE_CODE
)
VALUES
(
  '2022-06-16', 'MEAL_00074', 'MEAL_CATE_00004'
);

INSERT
  INTO DM_MEAL_PER_DAY
(
  DELIVERY_DATE, MEAL_CODE, MEAL_CATE_CODE
)
VALUES
(
  '2022-06-17', 'MEAL_00075', 'MEAL_CATE_00004'
);

INSERT
  INTO DM_MEAL_PER_DAY
(
  DELIVERY_DATE, MEAL_CODE, MEAL_CATE_CODE
)
VALUES
(
  '2022-06-20', 'MEAL_00076', 'MEAL_CATE_00004'
);

INSERT
  INTO DM_MEAL_PER_DAY
(
  DELIVERY_DATE, MEAL_CODE, MEAL_CATE_CODE
)
VALUES
(
  '2022-06-21', 'MEAL_00077', 'MEAL_CATE_00004'
);

INSERT
  INTO DM_MEAL_PER_DAY
(
  DELIVERY_DATE, MEAL_CODE, MEAL_CATE_CODE
)
VALUES
(
  '2022-06-22', 'MEAL_00078', 'MEAL_CATE_00004'
);

INSERT
  INTO DM_MEAL_PER_DAY
(
  DELIVERY_DATE, MEAL_CODE, MEAL_CATE_CODE
)
VALUES
(
  '2022-06-23', 'MEAL_00079', 'MEAL_CATE_00004'
);

INSERT
  INTO DM_MEAL_PER_DAY
(
  DELIVERY_DATE, MEAL_CODE, MEAL_CATE_CODE
)
VALUES
(
  '2022-06-24', 'MEAL_00080', 'MEAL_CATE_00004'
);

COMMIT;
SET DEFINE ON;
SET SCAN ON;
